视频 ID,用户 ID,用户昵称,标题,归属类别,图片,发布时间,观看人数,弹幕数,点赞数,投币数,收藏数,分享数,评论数,当前时间
115122974491905,63231,泛式,别笑....你还说自己没有「中二病」？！【泛式】,动漫杂谈,http://i1.hdslb.com/bfs/archive/788530daffecc2e0c44270cb7b435a74c4db99b9.jpg,2025-08-31,837171,9257,110200,92219,36203,7124,6785,2025-09-01
115116112681334,33022868,就是小家,时光机带你闪回2014,数码,http://i0.hdslb.com/bfs/archive/6b54a1a36e96d4af518c208ed9baca00652dcf02.jpg,2025-08-30,723024,553,39741,1177,7347,1802,2056,2025-09-01
115115038874588,946974,影视飓风,下岛后，我们入职了一个游戏公司…,数码,http://i1.hdslb.com/bfs/archive/7ba90a6599bd78d6a804307baca30dd49ce28bad.jpg,2025-08-30,4704160,8253,146537,22462,22534,4341,3318,2025-09-01
115111129913786,295993972,爱鼓捣的邢志磊,猫咪小镇上的喵当劳开业啦,喵星人,http://i1.hdslb.com/bfs/archive/dc062630ee7e41abac4309e1e7a43dbe7c409ebd.jpg,2025-08-29,12272198,41832,425309,58551,149307,23801,6125,2025-09-01
115113780578280,74046843,我是RAY瑞,耗时三年！“再见绘梨”同人电影完整版,短片,http://i1.hdslb.com/bfs/archive/6243064ae328a5ac005aa1e88662a957f0c500ce.jpg,2025-08-30,1358748,2859,149422,70555,77459,18865,2960,2025-09-01
115115407973301,1908551987,段小段美食教程,“少年”我看你骨骼惊奇……“铁锅粘锅解决办法”,美食制作,http://i2.hdslb.com/bfs/archive/2e9f43e345ff21f23600520797a4c0b977d91693.jpg,2025-08-30,3779968,921,254099,22201,128979,14155,2820,2025-09-01
115110995696596,403324095,妙手回春杨某人,这才是《Edge Of My Life》的原版MV！,MV,http://i2.hdslb.com/bfs/archive/a93f30640f706e62c97fd28f36d357fe31c4ff31.jpg,2025-08-29,2401995,36916,321742,49886,89639,6222,2312,2025-09-01
115123259838310,246370149,33不是山山,10年前被下架的传说级恐怖游戏《P.T.》，到底是什么？我感到困惑,单机游戏,http://i0.hdslb.com/bfs/archive/d5928a4a85af18413084a9bcc05991fda5fa9c4b.jpg,2025-08-31,461928,1531,34046,12409,16162,1439,1479,2025-09-01
115122773166609,346563107,波士顿圆脸,毛克疾：莫迪来天津但是不看阅兵到底是什么操作？,社科·法律·心理,http://i0.hdslb.com/bfs/archive/3563ea06f5bbd4408eccb0739f13798dafb56342.jpg,2025-08-31,943484,2878,49561,9312,6666,1223,3062,2025-09-01
115107807959313,19146150,幻咩咩_,其实小静遇到的是黄色章鱼,MAD·AMV,http://i2.hdslb.com/bfs/archive/25ba9400f9ccc49aeccceb8fed83ad66ce0c5971.jpg,2025-08-29,3966078,3862,410600,124028,116425,39346,10207,2025-09-01
115118897628607,1923246745,TheShy,他出了个海克斯注力刚壁！,电子竞技,http://i1.hdslb.com/bfs/archive/4514407123259bf74cb87f9d1612d4f449edab58.jpg,2025-08-31,1386231,819,73600,14222,4686,5656,2716,2025-09-01
115115693317219,3546575546616253,天命玄鸟游戏工作室,《骤影·绯月杀》6分钟实机试玩演示|天命玄鸟游戏工作室,网络游戏,http://i2.hdslb.com/bfs/archive/3f5b635cb3a312a73ffa3f4dcc3fd8e197ea5117.jpg,2025-08-30,1913715,30165,136628,16283,54394,11295,1365,2025-09-01
115124903877726,226120153,ご光影的故事ご,打破梦魇实现巴黎圆梦！石宇奇血拼逆转昆拉武特成为世界冠军！2025年世锦赛,竞技体育,http://i0.hdslb.com/bfs/archive/dc516b7b7f6b5a567b4f0f44e132d6eae7ccaf7e.jpg,2025-08-31,280932,1545,22952,16149,5136,1644,3339,2025-09-01
115092221858648,388511482,青春_剧院,原来猫和老鼠是一部纪录片,综合,http://i2.hdslb.com/bfs/archive/5fa715dda9e7ef10c091eec0a58057e2f920d2a7.jpg,2025-08-26,2743446,426,102847,6253,32841,12767,809,2025-09-01
115054858997607,3493117728656046,摩的司机徐师傅,为了把妹，我成了全国顶级吉他手，却遭到家人抛弃，住挂壁屋吃泡面为生,出行,http://i0.hdslb.com/bfs/archive/44a1139514f5fbbc6ab1c630051ff27f3c72cd76.jpg,2025-08-31,949387,6261,14724,3244,3160,1791,2687,2025-09-01
115114518775105,8096990,啊粥粥啊粥,官商勾结，包养情妇？“恋爱脑”宋思明的双面人生,人文历史,http://i2.hdslb.com/bfs/archive/4775d39fd648259236411665eb0c9370a143e965.jpg,2025-08-30,2030704,5346,60699,9263,19256,1904,1813,2025-09-01
115115978393479,378885845,不正经老丝,女司机坠河事件上热搜，女性互助为何伤害女性？,人文历史,http://i2.hdslb.com/bfs/archive/57be05119febc37ab041ace0897432a337544849.jpg,2025-08-30,2464321,8333,94450,7350,15364,2353,10549,2025-09-01
115111599540169,10119428,小片片说大片,当憨豆先生不搞笑了，我就知道这把稳了！高分悬疑片《梅格雷的陷阱》,影视杂谈,http://i0.hdslb.com/bfs/archive/d102807e49db5c4cd2743f3ea9ed477d313a7772.jpg,2025-08-31,612703,1180,33079,3218,10299,387,470,2025-09-01
115123041601433,7646527,凶鸭栗,还回来吃饭吗？,同人·手书,http://i0.hdslb.com/bfs/archive/e108d5834dbc6b2ee48905e150a70736067f6c15.jpg,2025-08-31,826328,174,66641,1655,3222,1753,707,2025-09-01
115111582769047,3493260093819171,李维刚的日常,离了个大谱！我的Ai助手自作主张给我包了口塘？！,美食侦探,http://i2.hdslb.com/bfs/archive/fb2e9583011ed9eee07c2511197e480ea0f3c01e.jpg,2025-08-31,791109,5264,62603,16145,2274,832,3253,2025-09-01
115122118854242,85754245,superB太,我在山西长治为期22天修建完善了一座无名烈士陵园，园中的烈士忠骨，是一位农村大叔13年间在太行山峭壁上冒死搜寻所得。,美食侦探,http://i1.hdslb.com/bfs/archive/373825db14a6c8605123417e4bcf6395c7f45793.jpg,2025-08-31,318618,821,72362,64213,5918,854,951,2025-09-01
115112472091395,401742377,原神,《原神》挪德卡莱音乐现场,音乐现场,http://i2.hdslb.com/bfs/archive/38607cc54bfc343a4b0b31df005133d5fcd5ddac.jpg,2025-08-30,1633291,27040,214877,135093,66648,20531,56890,2025-09-01
115122571840032,17367640,尸菌菌qwq,一堆代码又怎样,仿妆cos,http://i2.hdslb.com/bfs/archive/1e38348a1c382b535881ed137c7e00a059213455.jpg,2025-08-31,657866,2962,121899,3527,20738,1348,859,2025-09-01
115110123150059,1331008585,哈雷不灰心,“豹豹被拉出来了…”,动物二创,http://i2.hdslb.com/bfs/archive/ce68110277ffffe17ae7ec04dd672fd73abde1f4.jpg,2025-08-29,1036743,649,70860,1941,13476,2680,626,2025-09-01
115123444253962,1923246745,TheShy,TheShy《中国慈善家》杂志专访,电子竞技,http://i1.hdslb.com/bfs/archive/97bd4e2d768eeb31abb5bd1afd1cb3e2110513b4.jpg,2025-08-31,453014,800,37303,16889,3718,3761,3637,2025-09-01
115109519229305,335850246,玉渊谭天,日本公关费花哪了？B站网友的线索帮我找到真相！,科学科普,http://i1.hdslb.com/bfs/archive/bd4b55deb4a45b384edf7b9c25ffde980e340044.jpg,2025-08-29,2684383,12087,320057,227004,76531,11830,10520,2025-09-01
115122756454318,730732,瓶子君152,完蛋C了！史上最拉垮！2025年十月新番扫雷推荐,动漫杂谈,http://i0.hdslb.com/bfs/archive/99facc718ac0d7b883e8c8b8b22c154ddcb158eb.jpg,2025-08-31,587142,3138,48846,17422,8672,1837,2637,2025-09-01
115115441522855,1208823126,大圆镜科普,神经宇宙：从突触星空到思想诞生,科学科普,http://i0.hdslb.com/bfs/archive/573ce2e747c829813153dcb8d99eff8de05bb345.jpg,2025-08-30,2305107,2219,195580,16002,31617,3472,2346,2025-09-01
115112018970080,2109210139,铜钉,“走一万公里只为了天安门前的一分钟”,影视剪辑,http://i0.hdslb.com/bfs/archive/a31835f6064775ec4e51d3fb81929cd89574d6bd.jpg,2025-08-30,744747,1902,84244,5778,9356,1074,426,2025-09-01
115123310038919,7349,STN工作室,【STN快报第八季25】大金刚超高清建模独家泄露,预告·资讯,http://i1.hdslb.com/bfs/archive/916a9857fac1fa445d2e105d955f3a987f9d8ab7.jpg,2025-08-31,483829,7634,37464,19348,7773,979,1254,2025-09-01
115117068984291,16465953,Kyu烤鱼,英文版｜请不要带我走。【翁法罗斯/慢速BE宿命感翻唱】,翻唱,http://i1.hdslb.com/bfs/archive/ed884988f4a6c929a5882d16f2f8dda75c385d02.jpg,2025-08-30,313660,1648,75064,21658,45206,3583,766,2025-09-01
115115827535647,613668875,攻心与汉桑,邀请博主猜历史人物第一期,人文历史,http://i2.hdslb.com/bfs/archive/9bcbf9d6d30b46272a7ccfd8688a40424c904e88.jpg,2025-08-30,2230716,1970,48718,1969,4581,595,934,2025-09-01
115106482556794,473837611,新华社,九三阅兵倒计时！,日常,http://i0.hdslb.com/bfs/archive/bc37dc134cf3c16e2141736e440b1a25a4300d50.jpg,2025-08-28,2031978,31325,285918,127770,62270,16262,1985,2025-09-01
115117488348719,676174563,洋哥在德国,为什么德国的工人，愿意在一家厂干一辈子？,家居房产,http://i2.hdslb.com/bfs/archive/d6a523a7f48a707df758c452834c996b23ecb18d.jpg,2025-08-30,765513,2979,60076,4197,6913,5674,6245,2025-09-01
115094134456443,697724625,乘风已归来,9.3大阅兵，世界都将屏住呼吸,社科·法律·心理,http://i2.hdslb.com/bfs/archive/89ea1ccf49a6cf28500762bcba23d9b3b7471f0a.jpg,2025-08-26,3994036,22046,264003,120956,55911,18604,13825,2025-09-01
115094587446653,3546593135429873,JORDANNsbadhabit,《Dehors》普通话版MV正式发布啦~,音乐综合,http://i1.hdslb.com/bfs/archive/143d0230e0e6c9fbffb192232dafa5c5f027c542.jpg,2025-08-26,4917542,5916,841710,267857,281322,38732,7658,2025-09-01
115116666323438,14781644,老烟斗官方,别叫我老板，叫我主理人！主理人为何被网友锤爆？,财经商业,http://i1.hdslb.com/bfs/archive/004214a14e80ce0872b6b641a19fa62c2d588acd.jpg,2025-08-30,1129263,3091,22707,697,4249,1225,3347,2025-09-01
115111800937787,2123022787,安妮的宝藏,高手如何下五子棋,手工,http://i2.hdslb.com/bfs/archive/d6743ff6e99bc393eb26175f1d40a10d5a96d482.jpg,2025-08-29,4714451,1825,207560,2591,15543,3684,2017,2025-09-01
115118880853747,1027737427,MrBeast官方账号,【MrBeast首发】全世界最昂贵地堡,日常,http://i2.hdslb.com/bfs/archive/15945ef8d7ce8fd69992ca8b94420ef1c05a08d0.jpg,2025-08-31,1393921,3412,62809,7806,24081,1297,1895,2025-09-01
115105979240067,680677803,王小七Fire,这群家长全国游行，狂喊关闭游戏，我扒出了他们疯魔的原因！,社科·法律·心理,http://i0.hdslb.com/bfs/archive/2c466c7a614b001821a6be8f55ddc21dccb4f15c.jpg,2025-08-29,2130687,6904,164120,19212,27379,5829,8167,2025-09-01
115121498097408,525952604,柯洁,《兵法》,桌游棋牌,http://i2.hdslb.com/bfs/archive/2a681782d02fc6560046e655732bf2cbc509297b.jpg,2025-08-31,1498160,10763,110220,1438,2137,1164,1408,2025-09-01
115119434505252,84130356,夏天y,这个疯子真的是太恐怖了😱😱😱！！！,单机游戏,http://i1.hdslb.com/bfs/archive/d9f3233060f1fd248aa39f33efbb448a94364d7b.jpg,2025-08-31,941128,26327,72811,29258,36149,356,1474,2025-09-01
115117136026793,39320988,王者人格小A,西海龙王降临！开启炼狱 释放海妖 化龙抓人 自制海月新皮肤特效！,电子竞技,http://i2.hdslb.com/bfs/archive/765768f7e89621c1bd9d6a0946fd46fc23dde833.jpg,2025-08-30,1053846,426,27480,1688,2750,2737,1356,2025-09-01
115117236684109,3546833613752900,辉老板Hui,《能质疑大师吗》,桌游棋牌,http://i0.hdslb.com/bfs/archive/435909907db7790a44cce56122f0192d85fc6f80.jpg,2025-08-30,873068,145,69900,1668,5709,1759,366,2025-09-01
115122420846249,3546781006694901,玉玉__,吴京到底干了什么？,娱乐粉丝创作,http://i2.hdslb.com/bfs/archive/6bf24219a9d3b7f1428e86808d43e1aedeb0aa9a.jpg,2025-08-31,506457,3313,29499,2169,4765,1191,2495,2025-09-01
115122873833697,3546731908171869,是许木木啊,《欺诈师》,日常,http://i1.hdslb.com/bfs/archive/f4579be4855780011d3e42f49b2578f7a62d1db0.jpg,2025-08-31,535476,2646,65407,6296,10435,1469,2533,2025-09-01
115123444256645,1946973122,我是ZBA,【百万填词】IG零封BLG单曲——wei的《清债词》,电子竞技,http://i0.hdslb.com/bfs/archive/5ee160b74bd3e3f8427385e1209075cf1eebce24.jpg,2025-08-31,249185,696,19716,18011,3772,2212,1251,2025-09-01
115112069366078,39020641,九尾club,我要打断你的腿,单机游戏,http://i1.hdslb.com/bfs/archive/bcbde1581bf010f48f491950edeb0e8bcdf09e50.jpg,2025-08-29,1218486,613,93371,3743,17391,2098,1140,2025-09-01
115114954983562,1745143606,争取最后的自由,晋级失败？？？且看老哥极限一拖二,汽车生活,http://i1.hdslb.com/bfs/archive/56213d34e58556d023dd49d3d96159d94f420a10.jpg,2025-08-30,1049896,2483,53612,4413,4701,1863,1095,2025-09-01
115121229667710,13829896,白日妄想家,【影史上100句“告别”的台词】“人生在世，终有一别。”,影视剪辑,http://i2.hdslb.com/bfs/archive/2cae2aded8b53cb165871ac973303a1a8bbbe2d2.jpg,2025-08-31,274516,541,31632,9202,18365,1746,460,2025-09-01
115121129004172,1955897084,鸣潮,《鸣潮》过场动画 | 英雄们,手机游戏,http://i1.hdslb.com/bfs/archive/dd24c09e4aab8b5074523220157cb51bef13b73c.jpg,2025-08-31,360120,607,25497,6359,3324,879,2644,2025-09-01
115121800153734,81031914,嗨刻,《战狼之我爱发明》,鬼畜剧场,http://i2.hdslb.com/bfs/archive/92c44682220fb69f15a9afb857539a4ac979ff98.jpg,2025-08-31,196840,422,13715,2329,1595,1209,341,2025-09-01
115110425271946,1794060658,酱总很忙_,“标题党”一下，品一道经典菜,美食制作,http://i0.hdslb.com/bfs/archive/07906ce7d9fc7a61593895431e1a0d259202d9ff.jpg,2025-08-29,4539576,32910,388898,27899,48736,55332,5093,2025-09-01
115123712761772,454143774,乡村教师日记,开学第一天！检查作业的恐怖瞬间,三农,http://i0.hdslb.com/bfs/archive/d6f822f02846b0a45235abca7852e0c5b1820f35.jpg,2025-08-31,311656,2068,11041,2500,905,935,1611,2025-09-01
115118159436499,48023956,迪士尼在逃黄狗coco,建议拉布拉多的尾巴列为管制刀具 2.0,汪星人,http://i0.hdslb.com/bfs/archive/76c6251e1d3a148a91cc08c3abbf028eb753fbaa.jpg,2025-08-30,1466352,218,107976,1333,10679,7233,1020,2025-09-01
115117454925391,350975070,小宇菇菇,耗时半年复刻电影里灰姑娘公主裙！每个女孩的公主梦都应该被实现呀,手工,http://i2.hdslb.com/bfs/archive/fe671728abfeeca59c1ced1c683df71d90c24aaa.jpg,2025-08-30,707178,313,50898,6307,11312,437,473,2025-09-01
115111045893909,289189019,戏京同志,日本为什么恐怕中国93阅兵？今年有可能是抗战老兵参阅的最后一次,社科·法律·心理,http://i1.hdslb.com/bfs/archive/744280de44c5f8983c17555442fafcca98bd9c32.jpg,2025-08-29,2221205,7362,191657,36884,26982,3001,3971,2025-09-01
115119417727862,946974,影视飓风,动态视频｜下岛之后，我变了吗？,数码,http://i0.hdslb.com/bfs/archive/1c3140463a104a007a43fc014d56f0b6e3b6ea8b.jpg,2025-08-31,681842,12197,91633,18895,9151,1567,2368,2025-09-01
115114703326736,503058735,侯绿萝,当你穿进老钱班7,小剧场,http://i2.hdslb.com/bfs/archive/126caf24ef292b3da82cf203ff158aecf21917aa.jpg,2025-08-30,2323850,1374,208869,4223,17421,1076,1567,2025-09-01
115117203135446,1985127693,城阳电工电路,老人上楼梯一扶栏杆被电了，瞬间吸住了，幸亏家人发现的及时，不然后果不敢想，他们平时都有被电一下的感觉，没当回事来看什么原因。,科工机械,http://i2.hdslb.com/bfs/archive/c9fb659f844dc38c6885c960bb58c48aba9f4935.jpg,2025-08-30,1263420,5725,87351,4188,7042,3297,2115,2025-09-01
115117622561001,10534933,期末77,千 万 别 带 爸 妈 去 旅 游 ！,出行,http://i1.hdslb.com/bfs/archive/524b5c725c581ca22d46726a8d371dfbac79b7e9.jpg,2025-08-30,381859,1021,9397,5739,2254,537,340,2025-09-01
115116548825046,1367105274,冗瞳,从天竺取得真经归来,单机游戏,http://i0.hdslb.com/bfs/archive/931945f45adf8f99241de97b45ba1c5f1c2585a0.jpg,2025-08-30,303718,136,29165,1035,2192,835,458,2025-09-01
115117287022468,1190881488,琎哥哥探设计,都说楼梯贴图不会做！ps消失点几步搞定！,设计·创意,http://i1.hdslb.com/bfs/archive/3933f47434213bfbcb4dc6935affcc1a43eb3dda.jpg,2025-08-30,1560471,81,135347,2848,65809,598,554,2025-09-01
115121632314697,3493260618106936,伤心欲茄222,《下个公司注意点》,搞笑,http://i2.hdslb.com/bfs/archive/230873849cb8a3ffb3fdeee8992366c7b143b81c.jpg,2025-08-31,655291,724,61351,1752,2481,2299,1298,2025-09-01
115104855102105,1585682578,涛哥玩配音,sf：我只教一遍,日常,http://i1.hdslb.com/bfs/archive/18b3877518869995ee1b8e0ed3e771cab49eed20.jpg,2025-08-28,2207760,1271,172324,5096,25132,5503,2428,2025-09-01
115115307310889,403072772,在下油甘,【鸣潮】孤绝险地第三关30波全局教程解说！潮蚀模拟活动懒人挂机攻略！满星攻略！简单好用！,手机游戏,http://i2.hdslb.com/bfs/archive/de87d7280fe78bc7eec587accdd70760bc3d9fd9.jpg,2025-08-30,1090729,2150,24580,20204,16008,2288,2584,2025-09-01
115098664440626,5321968,尽墨for车,“放眼全世界，骑山地车比他快的也没几个”,赛车,http://i0.hdslb.com/bfs/archive/b41a29f0372bcee814248202b053ab75f6391a6f.jpg,2025-08-27,2532667,5240,71558,8743,20992,3299,1973,2025-09-01
115123024954896,519872016,历史调研室,国王被砍头，冤不冤？路易十六与法国大革命【历史调研室81】,人文历史,http://i2.hdslb.com/bfs/archive/44e8d0e5ce5b5ab27d39f2de79442be4ee389a06.jpg,2025-08-31,319794,1475,19474,8085,8257,822,1096,2025-09-01
115094872654029,644166941,一夫本夫,看大家呼声很高对这种风格视频，特意来个重制版，不知道大家还想看什么？🔫,运动综合,http://i0.hdslb.com/bfs/archive/bf2b1033a8af1a61d7df4b2f30386bbdbaad86a0.jpg,2025-08-26,2706224,1198,134515,2424,17296,2325,2637,2025-09-01
115112253857776,1140672573,小王Albert,右翼猖獗、美爹干涉，人造反华体制如何塑造了现代日本？,人文历史,http://i2.hdslb.com/bfs/archive/f63b169a3f270678ba8bd15f056d076c49ce890f.jpg,2025-08-30,1397505,15270,103654,57863,23626,4445,4841,2025-09-01
115115357700408,649413109,三角洲蛋少,标题：上帝视角看洲，今日大坝第九期，物资去哪了？,科学科普,http://i2.hdslb.com/bfs/archive/463c33b25d9b720652e49591ccd38a732bce7b86.jpg,2025-08-30,2134318,648,63850,1282,17878,6384,1780,2025-09-01
115116985092630,917643,册那队长,东方明助和苏北老汉冲突影像,小剧场,http://i0.hdslb.com/bfs/archive/f58c6c29f9425309b5058ec1ff687bb73b668a74.jpg,2025-08-30,723254,365,67879,4678,15153,8625,851,2025-09-01
115121531656234,38568774,鬼叔黍,天才萌新入坑明日方舟第二天！研究攻略智斗巅峰，最汗流夹背的一集！,手机游戏,http://i0.hdslb.com/bfs/archive/61bf5516312303663767233d788782b3ba5be248.jpg,2025-08-31,466184,3706,35809,10519,6590,4468,3528,2025-09-01
115110962005761,26108626,赛雷三分钟,首个因海平面上升消亡的国家出现了，大的要来了？,人文历史,http://i2.hdslb.com/bfs/archive/1de17fa2363c5f42e7b6c7e133cf6a15dbfdf898.jpg,2025-08-29,2043684,5175,100779,4073,11637,4160,7466,2025-09-01
115116632770157,3546888255048212,特厨隋坡,特厨探店 |人均1000还有性价比？—福1088,美食侦探,http://i2.hdslb.com/bfs/archive/a31e08c0525637688566986b5bf86c191f125de2.jpg,2025-08-31,859999,2277,64756,5282,3943,1781,1419,2025-09-01
115111129784174,1636034895,绝区零,《绝区零》席德动画短片 | 爱，死亡与构造体,手机游戏,http://i1.hdslb.com/bfs/archive/0ef9510fc2980e418d2efa0fc1e3235737c2fdc5.jpg,2025-08-30,1546041,44787,172830,88852,38543,22051,9815,2025-09-01
115121481391570,1754844979,翡翠货主阿牛,300公斤翡翠原石切开，居然不是翡翠？,日常,http://i1.hdslb.com/bfs/archive/9d8bd1a3b659b205e325793481deca8bf2f482d8.jpg,2025-08-31,784412,3523,21749,1940,1347,538,1863,2025-09-01
115104972669247,3546873830836505,会点手工的老表,手搓福建舰每一处都藏着大国军工梦，给祖国献礼,手工,http://i2.hdslb.com/bfs/archive/3622a825ec515367170401e747f9f792a10dcc71.jpg,2025-08-28,2296715,2123,148370,96935,29823,3419,2133,2025-09-01
115123041606591,437270664,小问号Official,你可能不认识我，但你未来一定会玩到我的UGC作品,手机游戏,http://i2.hdslb.com/bfs/archive/8fc4adc5420b313b983a0b1c6311ea50d4af813d.jpg,2025-08-31,174143,165,25613,4693,2143,254,1045,2025-09-01
115118310432099,291042076,水果医生,病人的想法很简单，家属的想法很简单，医生的想法很简单，都在一起不简单,科学科普,http://i0.hdslb.com/bfs/archive/0cac4f5318b69e6f11c60e1ea89b539928b233cd.jpg,2025-08-30,382193,190,39251,690,2155,178,538,2025-09-01
115117018582642,39627524,食贫道,佛牌的水有多深？大麻还违法吗？变性手术怎么做？泰国人带你看懂《神鬼传奇》,人文历史,http://i0.hdslb.com/bfs/archive/3c63562b86193b1fdf45d27a0299ad9eaf82900d.jpg,2025-08-30,831662,12792,30200,15116,9437,2163,2685,2025-09-01
115099738048575,43055224,波克楠楠,【塞尔达】看好了！这才是游戏史上最伟大的物理引擎 你甚至能在游戏里复刻钱学森弹道！,单机游戏,http://i1.hdslb.com/bfs/archive/70c8fda59bb10951d015c693138bd3b074da629f.jpg,2025-08-29,2071378,5642,111898,14087,19967,4596,1252,2025-09-01
115099033539226,3546820531718984,手艺人非遗,男子路边捡到「50斤废铁」搬不动！,手工,http://i2.hdslb.com/bfs/archive/bf07090f515da0d95a82c083ca5023c8ca158f73.jpg,2025-08-28,4228323,2842,90216,1886,3979,1845,3339,2025-09-01
115110475472500,296092268,碎嘴企鹅,玫瑰从不问自己为何配得上阳光,搞笑,http://i2.hdslb.com/bfs/archive/47fddf692ab5359d9f0f84ce86095efe9c2779a8.jpg,2025-08-29,1314584,808,217455,36981,62865,7835,2725,2025-09-01
115120525088808,407054668,亿点点不一样,世界各地的人，是如何擦屁股的？,日常,http://i0.hdslb.com/bfs/archive/d5be8f3a0b6c4e1fedae0254b953480430d92052.jpg,2025-08-31,711593,10768,54780,9022,8677,4161,2700,2025-09-01
115121682651584,618289283,李某心态又炸了,👊👊👊燃烧热血挥出最后一拳👊👊👊,电子竞技,http://i1.hdslb.com/bfs/archive/77ec8a4fa474938ca4c36a2258413edef4784765.jpg,2025-08-31,336833,75,22604,2590,1510,948,358,2025-09-01
115118494980525,268941858,磊哥游戏,37秒速通敌方上路3塔+水晶，33秒速通敌方下路3塔,手机游戏,http://i1.hdslb.com/bfs/archive/128f04055f824721fe39ce6f6a1f57f28ab7e250.jpg,2025-08-31,683352,951,48002,1773,1673,593,2455,2025-09-01
115121800092422,3546630773016865,时代少年团,【时代少年团】《小炸的暑假生活》05：姐妹们 侬晓得TNT伐？,明星综合,http://i2.hdslb.com/bfs/archive/83a9217b13e19e333bf48a9d98529282e048dd1d.jpg,2025-08-31,456253,57774,25607,7251,5603,734,1173,2025-09-01
115119367391297,130636947,塑料叉FOKU,不慎卷入欧洲最大街头狂欢节…我再也不敢来了,日常,http://i2.hdslb.com/bfs/archive/e0c184f18af7adb874984805ca14df9e77fe0fdc.jpg,2025-08-31,451545,461,13400,1390,1760,176,943,2025-09-01
115117454860050,414336759,路温1900,地主开明，农民懒惰，锐评幂的翻身爆作,影视杂谈,http://i1.hdslb.com/bfs/archive/320b571d586ae32761d875de4603d6ad688b17dd.jpg,2025-08-30,773471,7261,34965,15972,5587,1944,1935,2025-09-01
115121129003381,303573687,青寒plus,11杀天才少年时你会放过最后一个求饶的鼠鼠吗,网络游戏,http://i2.hdslb.com/bfs/archive/dde49610262bb553dbf033c6476978295fcb73e7.jpg,2025-08-31,203780,685,7207,4911,1136,209,1358,2025-09-01
115121179396115,652239032,IGN中国,【IGN】《空洞骑士：丝之歌》22分实机演示,单机游戏,http://i2.hdslb.com/bfs/archive/6344c8f2f324f699c56e9082124324cf86f5e47f.jpg,2025-08-31,553748,2159,19727,2026,3324,12240,3485,2025-09-01
115115508637680,286430979,ZSDS卡戍,【卡戍】王不见王，这里只有一个神王！[4K/无UI】漂泊者VS伪作的神王,手机游戏,http://i1.hdslb.com/bfs/archive/87b96ec648f4f8cf2c956d013d77c6a611c698b7.jpg,2025-08-30,595526,528,53657,6673,7666,3312,1543,2025-09-01
115112522291872,20841379,7鲸尾,雀巢：求你了！别发！！别发这期视频！！！,搞笑,http://i1.hdslb.com/bfs/archive/f8e0cdcfba5c79ec40b6cdec5c93e1d64067c9e5.jpg,2025-08-30,1102713,2441,86244,15319,10194,1132,1723,2025-09-01
115105392037783,1875910928,小赖同学,走外卷的路，让资本家歇菜去吧～,小剧场,http://i0.hdslb.com/bfs/archive/c1a698c6554e75fdfb50e5804721b47dd21526c2.jpg,2025-08-30,839122,114,44605,593,1651,224,494,2025-09-01
115112673282582,3066511,特效小哥studio,林黛玉大战晨光战甲！,特摄,http://i2.hdslb.com/bfs/archive/0271e5abcdfee86e91cca59c8e32b9c9d61695f6.jpg,2025-08-30,682832,3567,22070,576,2035,587,378,2025-09-01
115117354192523,235630215,国电武术馆馆长,你看过这部20年前的恶搞片吗？从恶搞到希望！国足新星的成长之路,网络游戏,http://i1.hdslb.com/bfs/archive/08252fc1e12713aa3af06ded04d2c35e77b54faf.jpg,2025-08-30,384269,706,9767,3062,4265,54,266,2025-09-01
115111683490299,3546800331950544,燃鹅星人,自制动画，一口气看完第一集（纯享版）,同人·手书,http://i1.hdslb.com/bfs/archive/03ddfa22b355fff38a4e0c42469b5ce299b7465e.jpg,2025-08-29,638299,2492,75824,10581,11249,4922,1027,2025-09-01
115115777066382,482764121,林思彤77,没有名分的醋,小剧场,http://i2.hdslb.com/bfs/archive/b33fd8c8cb5bc9ded45a4e4f05ad0ba3cf4c500d.jpg,2025-08-30,878650,672,59441,2733,4562,400,1219,2025-09-01
115117521903238,3546597161962392,长星五灵王,干巴爹压力,手机游戏,http://i2.hdslb.com/bfs/archive/65dc55ca4ad8f63984668c7345c4c6146419fa19.jpg,2025-08-30,429819,576,70976,6709,17670,5781,2122,2025-09-01
115124148968126,88022283,末影大黑,每百年海平面上涨，世界如何发展？,单机游戏,http://i2.hdslb.com/bfs/archive/5bc869686da525296a1fd0547c06138f936eb325.jpg,2025-08-31,161559,1013,14847,5177,3793,365,825,2025-09-01
115112522291405,176975292,便当士,学了两个小时建模做出来的那刻夏技能特效,单机游戏,http://i0.hdslb.com/bfs/archive/b30ce1e2f3f6148cc2f965af8c5fe6f08bc6f007.jpg,2025-08-29,1286730,14403,110928,22017,20573,12498,4611,2025-09-01
115105912129507,298054634,马哥巨离谱,教你拿捏肌肉男,搞笑,http://i2.hdslb.com/bfs/archive/7b8e07039f345a60908bcf2b2caba47f08c3d990.jpg,2025-08-28,2294715,1466,85125,13061,7459,5423,1808,2025-09-01
115117320576562,574115689,游戏大猪猪,【星穹铁道】备战3.6-4.0！3.6前瞻官方整大活！免费送限定五星！3.7新角色立绘公布！大昔涟进卡池！史上最难深渊实装！刻律德菈/长夜月/昔涟/丹恒腾荒,手机游戏,http://i2.hdslb.com/bfs/archive/6428fdf4d7d5db7586645e25846796adff818cae.jpg,2025-08-31,326125,1450,18383,2205,4524,3357,1040,2025-09-01
115106146945659,1966928932,第九号DJ,remix | “欢迎来到讨厌红楼梦共和国”,原创音乐,http://i0.hdslb.com/bfs/archive/a32fbe6fd5c6ebfb5ad1366802bc2b1e5a290387.jpg,2025-08-29,244209,342,26062,10233,12063,2959,578,2025-09-01
115093832469902,3493260618106936,伤心欲茄222,《满门忠烈》,搞笑,http://i2.hdslb.com/bfs/archive/9e5c5f619da629940f536c92e77eea73ddcdf939.jpg,2025-08-29,3493706,1575,288259,3984,19559,2867,2933,2025-09-01
115107052914263,2142150922,卫隐刀剑爱接定做,合金装备山姆大叔赛博村雨刀二代版本真弹射出鞘非常帅气的登场了，帅爆了,手工,http://i0.hdslb.com/bfs/archive/bd99010a87cb44bb2db79c315eeb7837948c0487.jpg,2025-08-28,1523671,1986,30780,2473,6384,3052,2764,2025-09-01
115117152798796,703186600,麻薯波比呀,万税爷大摆“鸿门宴”，李在明“普口脱险”,社科·法律·心理,http://i2.hdslb.com/bfs/archive/c5deefcacf01082afc17e8ff3cb760c467df080f.jpg,2025-08-30,1086586,2637,65246,7421,6434,602,1522,2025-09-01
115117035428212,3546911357274173,古的idea,滑石，我小时候最渴望拥有的石头笔！,人文历史,http://i0.hdslb.com/bfs/archive/d3c96567b27f9d43025ddf489391902c171141f6.jpg,2025-08-30,974725,845,25803,1248,8232,840,2760,2025-09-01
115117253466799,3766866,科技美学,新品看点前瞻！2025年苹果秋季发布会 | 10款新品即将发布 详细分析升级点「科技美学」,数码,http://i0.hdslb.com/bfs/archive/e12de3201e3e0975cd6ae258e82a7c52985efd97.jpg,2025-08-31,241778,1966,6951,689,870,936,1236,2025-09-01
115123259705381,3546872622877434,三点半官方,“幻梦都破碎，卡拉永远OK”,MV,http://i0.hdslb.com/bfs/archive/9ba343e25ca7d853538d46372607ab44569d1f07.jpg,2025-08-31,381647,345,24396,2644,1062,633,658,2025-09-01
115117136026695,1369302793,瓜哥超爱玩QAQ,大家爱看的增进友谊小游戏~,搞笑,http://i2.hdslb.com/bfs/archive/b88767185d5174177047480bde08c0167d57a199.jpg,2025-08-30,923417,671,43399,890,3761,1849,704,2025-09-01
115124367002191,81824112,导演小策,人生所有的灿烂，都要用孤独来偿还！,出行,http://i0.hdslb.com/bfs/archive/41c16df4716b6ea5163bf9e7b81096807feeff32.jpg,2025-08-31,140022,543,10713,5626,2081,409,726,2025-09-01
115109653454258,412704776,不高兴就喝水,粉丝里  有高人,职业职场,http://i1.hdslb.com/bfs/archive/b77b526d05539d9237c2e04f834e1356549a1386.jpg,2025-08-29,554189,2582,34081,7909,24220,8849,878,2025-09-01
115123091937641,2229752,润州镜,【存档锐评】把拿破仑请来也没用,单机游戏,http://i2.hdslb.com/bfs/archive/1e59644653ff2376b92426bd72c1a94d33d7ad9f.jpg,2025-08-31,150230,602,17707,23799,1761,176,288,2025-09-01
115095912846944,23113971,菊蛤xx,“来狂欢吧狂欢吧，永远不下坠。”,影视剪辑,http://i1.hdslb.com/bfs/archive/4d3a6609d4247d8e7083d8377250dbf8d85f564d.jpg,2025-08-26,1299861,510,179973,40013,59446,6145,1628,2025-09-01
115104335009661,527057981,叶子吖OHYEZI,这不是AI！ 也不是真键盘,美食制作,http://i0.hdslb.com/bfs/archive/5c09fcfe8bbc702a08132dd40b5230ad72080005.jpg,2025-08-29,4785718,8717,128545,6547,55784,879,617,2025-09-01
115113545768064,403637371,老飞宇66,【老鼠人行动】拯救大兵（7+8）0.3m→10m,网络游戏,http://i2.hdslb.com/bfs/archive/6199458fbdbf23688a79c11687c253b8fd738754.jpg,2025-08-30,1051751,7984,70404,4619,6726,695,1502,2025-09-01
115115156381004,14229967,一数,高中政治这样学！一系列政治老师登场！,校园学习,http://i0.hdslb.com/bfs/archive/42b435427dd30784200520c657cf65d25d244cfe.jpg,2025-08-30,625394,874,52540,2085,8378,1434,2497,2025-09-01
115117001809379,486633990,我是江无情,国外点击破亿，鲸鱼爆炸有多恐怖？！,人文历史,http://i0.hdslb.com/bfs/archive/5723a906869acfb926358738b98d33c1ac3f5eed.jpg,2025-08-30,1613938,2175,38943,1610,10717,598,1016,2025-09-01
115110811010772,43219807,毒舌的南瓜,3万对40万，教员如何微操“微操大师”，逆天改命？！【毒舌的南瓜】,人文历史,http://i2.hdslb.com/bfs/archive/a231a8a826db48bf9a009df8114fad2f9819623c.jpg,2025-08-29,1376890,1857,92058,20053,27833,2499,1681,2025-09-01
115121229663842,848939,飞行男孩俱乐部,全球唯一一星航司？我登上了朝鲜高丽航空 前苏联飞机公务舱全体验 北京-平壤【FBC航班体验】,出行,http://i2.hdslb.com/bfs/archive/59e387018a9be869a1bf0e0d86fe7d29b1335b42.jpg,2025-08-31,330683,1353,14929,6199,3417,1587,843,2025-09-01
115105878509298,241679003,小叮当的伙伴们,大学生在宿舍自驾游！,日常,http://i0.hdslb.com/bfs/archive/d4c442a50296de8f5756a12551cce592700961b4.jpg,2025-08-31,157007,406,18705,3303,1056,829,276,2025-09-01
115111029185403,1780480185,飓多多StormCrew,公司派我去住法国王宫...,日常,http://i0.hdslb.com/bfs/archive/6818a7638aeb28669185495ea07818c107b26a78.jpg,2025-08-29,2408720,9611,180320,43533,30884,3593,1860,2025-09-01
115124182450619,395135643,Milk缪客,一个假面骑士前来送快递,特摄,http://i0.hdslb.com/bfs/archive/fb80f2160ad4798fcc6b7a753cfbf7f2bd161dd1.jpg,2025-08-31,138479,434,11758,1734,1585,417,414,2025-09-01
115111264001020,1837252267,虎牙青年Plus,我来到了，课本里的“三江源”！,出行,http://i1.hdslb.com/bfs/archive/03a413d71120b69f2d8bc2021af5ba6e5b05dbb0.jpg,2025-08-29,1991574,5490,44034,11267,15630,2018,2143,2025-09-01
115123494718097,109319230,卡密达Who,令和最拉大结局？敷衍至极！战力崩坏！台词迷惑？被基础秒了的boss！主角到底有没有爆典？【Who说特摄】《假面骑士加布Gavv》第50集大结局吐槽,特摄,http://i0.hdslb.com/bfs/archive/8fbd2ba8d3eb9fb38064bd572e8e8976baa55828.jpg,2025-08-31,241337,6568,13621,1299,2188,975,2814,2025-09-01
115117689674425,512930671,搞笑诡故事,为什么很多老粉丝都刷不到我了？,搞笑,http://i2.hdslb.com/bfs/archive/9ad187303c8cf707e089ee93936a94adc6eaa1e4.jpg,2025-08-31,317714,1463,42250,2904,6830,202,2118,2025-09-01
115116297165462,1585682578,涛哥玩配音,开的什么玩意？什么玩意开的！,日常,http://i1.hdslb.com/bfs/archive/d703af8f2748c226c22ea1f6de0d757b0ea90354.jpg,2025-08-30,669465,335,49628,1389,5807,3914,844,2025-09-01
115092356075680,3546678902655273,广志music,当我在伦敦车站弹琴，遇到著名歌剧演员唱《卡门》🤯❤️,演奏,http://i0.hdslb.com/bfs/archive/9d0fd8e941bec5fdff83e10b5f9eb50e54e66f39.jpg,2025-08-26,1040531,266,79222,1471,6478,517,718,2025-09-01
115110676797601,520819684,小Lin说,"中国经济2025 (小结, 简单聊聊)",财经商业,http://i0.hdslb.com/bfs/archive/9f10d2cf63b6e6b6f0e057365735ff84da12cc70.jpg,2025-08-29,1452679,6214,62418,15049,20101,6375,4755,2025-09-01
115111364664450,3546731908171869,是许木木啊,《村中诡事》,日常,http://i2.hdslb.com/bfs/archive/c472fdb1f27e598942dc1d5d886fd40ee7030d64.jpg,2025-08-29,1828418,7248,140099,9656,35453,2611,4867,2025-09-01
115122035034232,1577804,某幻君,第二次来韩国，努力活下去,日常,http://i1.hdslb.com/bfs/archive/db4bd037f46513e21ce27be041a0a2b13ad07d35.jpg,2025-08-31,387525,3723,30803,10111,5870,1048,1326,2025-09-01
115107673672286,378407342,西街陆拾叁,战国袍变装/奋六世之余烈,竞技体育,http://i1.hdslb.com/bfs/archive/e7605232c3c4748654111f7e6734f42405e655f9.jpg,2025-08-28,1092227,670,88752,2081,6781,1070,1601,2025-09-01
115089067740218,3546886017387331,崩坏因缘精灵,《崩坏：因缘精灵》结缘PV：相伴同行,手机游戏,http://i0.hdslb.com/bfs/archive/1fd8105f0995b69bdf0da624ae67c94bed16b087.jpg,2025-08-29,5326824,202875,442541,137888,76081,152510,69418,2025-09-01
115117287022052,605544858,矮油王老六,有时候真不是我阴谋论,搞笑,http://i1.hdslb.com/bfs/archive/a4b9b0f0a7ff4763f69e4ab48257638e0464ab97.jpg,2025-08-30,531318,183,50511,1086,1399,397,620,2025-09-01
115117438012965,108331200,_张天琪,这30值不值你们说了算,搞笑,http://i2.hdslb.com/bfs/archive/21c57d526051d2b67b44b9d31041ba914be71ffa.jpg,2025-08-30,778629,479,34604,548,2750,304,670,2025-09-01
115117287086862,441897078,火影忍者手游情报君,【萌黄一槽】波风水门[九喇嘛连结]全技能爆料，极致的速度与阴九尾的力量！,手机游戏,http://i0.hdslb.com/bfs/archive/41051811ff10fbdab4eab4200688df158ff64107.jpg,2025-08-30,2253846,26888,111763,11931,25766,41033,11111,2025-09-01
115112304187581,2027366,星落残响_-,关于我一个人在浴室唱mygo版《天天天国地獄国》这件事,翻唱,http://i0.hdslb.com/bfs/archive/02f1bfe39ed1fc3e7a2159fa10e5182eb9424f6a.jpg,2025-08-29,953606,9481,170558,19596,46622,34320,6849,2025-09-01
115112253850050,25669124,寂寞的渲染_,Wei哥再次击败BLG单曲 《兄弟爆一下》,电子竞技,http://i2.hdslb.com/bfs/archive/655b2c6a18e77237c8a09d1fd2ca8b6ae25c255c.jpg,2025-08-29,1082518,2678,55041,34879,9532,8343,3166,2025-09-01
115110022486688,1429419180,闲不住的画笔,农村三霸（六）：上吧小狸,综合,http://i2.hdslb.com/bfs/archive/3d3a988e168685a916f792e0f4a18599882b2185.jpg,2025-08-29,2088522,2244,205482,10312,30430,1665,2926,2025-09-01
115107707297360,210752,真栗,七夕节会有加藤惠为我唱《东京不太热》吗？,翻唱,http://i2.hdslb.com/bfs/archive/4dec1e19c1a5079baef942eeff93ebfc41e03335.jpg,2025-08-29,1155549,532,47745,10548,16670,3125,1652,2025-09-01
115116683040846,482469389,何解毒,为何明明是蓝天，古人却非要称之为“青天”？,人文历史,http://i0.hdslb.com/bfs/archive/080548a5b59189440c90605bef0d43359001c2e7.jpg,2025-08-30,541717,5184,34069,17431,12004,2040,7014,2025-09-01
115105392171291,264869770,丰言疯话,东方明珠防御塔爆射，上海主理人被群嘲，中产阶级为何狼狈窜逃？【丰言疯话】,社科·法律·心理,http://i0.hdslb.com/bfs/archive/52b5950a65e4ee54ae7c45130785da2d7d6dd7b7.jpg,2025-08-29,860194,3892,31872,3197,6419,1315,4162,2025-09-01
115115240267654,72969462,笔给你你来写_,哥，你的意思是，我们不用早上六点就早读了吗？,日常,http://i2.hdslb.com/bfs/archive/b5155ca98aa0e1126dd436054d2da8cb4864ff82.jpg,2025-08-30,719421,653,73853,929,5225,1109,1291,2025-09-01
115117605849097,1007043700,世界美食official,这家小摊开在垃圾堆里，原因竟是爱干净？！,美食侦探,http://i0.hdslb.com/bfs/archive/a259bb2295d06e5a4e24397fc309d9da86c0bfc8.jpg,2025-08-30,660555,1493,56886,3135,3258,1578,1085,2025-09-01
115121045117320,404224360,黑蓑影卫攻略组,无推拉，【为崖作伥】小众变态全员入坑,手机游戏,http://i2.hdslb.com/bfs/archive/3eed344416f022f96716124285cc57b2bbe98cba.jpg,2025-08-31,238251,219,17681,1578,3138,2992,506,2025-09-01
115100811789934,36438715,一大筐会飞的草莓,"""我被东方明珠追过，你追过吗? """,鬼畜剧场,http://i0.hdslb.com/bfs/archive/a45546c6e08437aabe0691782f11aed1b82e601b.jpg,2025-08-28,2915424,54145,239320,17024,38876,5987,2419,2025-09-01
115111180109850,1659651634,七颗猩猩QKXX,谁懂工作之后好朋友在身边的救赎感,搞笑,http://i1.hdslb.com/bfs/archive/d7a8cda81c2d9714b14bd1d152d6c720ba204fdf.jpg,2025-08-29,2908641,485,185381,5793,46648,2888,1784,2025-09-01
115121565337407,3546781006694901,玉玉__,虞书欣为什么被全网黑呢？,娱乐粉丝创作,http://i2.hdslb.com/bfs/archive/daa837f4c94f42fa2d04615e7d08379365e1963e.jpg,2025-08-31,356229,2721,27126,3052,3665,520,934,2025-09-01
115107606568405,478610686,郑凯伦伦伦,《开学是你的谎言》,搞笑,http://i1.hdslb.com/bfs/archive/569c6a9fb8e0173e2dc8ea96524632026abf5062.jpg,2025-08-29,2003206,1568,121699,2768,18499,1271,970,2025-09-01
115106331500430,21442590,馄饨皮茄总,孙燕姿劝你别读博,音乐现场,http://i1.hdslb.com/bfs/archive/199e3fa882002315ba4b8b9b051b9abd75aaffe3.jpg,2025-08-28,1308090,893,61181,24275,12842,16743,2385,2025-09-01
115123041734614,239060440,冲男阿凉,“要求学生男友买5000元奢侈品包包，没这个消费能力怎么办？”,网络游戏,http://i2.hdslb.com/bfs/archive/1703ae4592fb1fa06e713029b1f220e80b991053.jpg,2025-08-31,155728,191,10126,597,617,159,241,2025-09-01
115098127504564,46470268,央视军事,这是你没见过的九三阅兵训练画面,科工机械,http://i0.hdslb.com/bfs/archive/973832a0de51e3d06cc49959691394b4eaaa150e.jpg,2025-08-27,2629686,4008,196055,76849,33187,12869,5664,2025-09-01
115110928521993,1343321779,央视农业,警惕！食用葡萄≠酿酒葡萄 自酿风险大【主播说三农】,三农,http://i0.hdslb.com/bfs/archive/c8c124824a0fb51772e5a4ba167b2abd6605288b.jpg,2025-08-30,773943,809,55142,1013,2442,2513,1678,2025-09-01
115121514876464,1984198637,西班牙陈挺,当西班牙老外来到云南野生菌市场，终于实现了菌子自由,美食记录,http://i2.hdslb.com/bfs/archive/d407f5a6cbc760c28782a4e9d1c04323de602b9a.jpg,2025-08-31,336294,1276,28348,1366,1074,299,973,2025-09-01
115100694349411,28047632,太吾车神,【拆解影星】吴京为什么被全网黑？他真正的纯实力到底有多强？,篮球,http://i2.hdslb.com/bfs/archive/682bc8d13a23ddc88326583f79be7c7e89f08b24.jpg,2025-08-27,3427170,13845,94488,8113,16905,6818,14507,2025-09-01
115113528924281,13354765,徐大虾咯,我开了个理发店，有没有搞头？？,单机游戏,http://i1.hdslb.com/bfs/archive/87ce6ace8c93070e1e191809d26422d1a34cac34.jpg,2025-08-30,910532,4193,66034,22535,11780,775,1792,2025-09-01
115113629581805,16022714,正经的老邪,骗了全网的富豪人设！Prada创始人闺蜜？蔡徐坤同学？我真的受不了了！,搞笑,http://i0.hdslb.com/bfs/archive/1afb83b47938d4f776901702655e2e660ce313c7.jpg,2025-08-30,1066037,6532,45536,9178,6931,1848,1835,2025-09-01
115116834097890,321422126,进击的金厂长,《开 学 抽 象 行 为》,搞笑,http://i0.hdslb.com/bfs/archive/c4ad76799c935ade4fc1a8a353c1a621b6c494e2.jpg,2025-08-30,961835,1736,82689,4272,6213,439,1057,2025-09-01
115111582899131,474853499,李如儒也是李蠕蠕,当我用不同剧的方式打开开学第一天！都看出是哪些剧了吧？,小剧场,http://i1.hdslb.com/bfs/archive/5aa165c795263ace043be1b31a0040b9ab74fe6c.jpg,2025-08-29,1180310,1330,122981,12537,5464,918,706,2025-09-01
115112455182866,138780964,新评科技,续航暴跌27%！6大品牌旗舰机使用290天后哪家负优化最严重？【新评科技】,数码,http://i2.hdslb.com/bfs/archive/e8683323f5927b988d08e47d07a7c8da9fe5cc6e.jpg,2025-08-30,559697,3717,40882,38836,7532,1510,5250,2025-09-01
115112807505625,3546875066059052,高司令-速凌电竞,【速凌】七夕上鹊桥？？来堵桥！！！,单机游戏,http://i0.hdslb.com/bfs/archive/6ebb6943a4794d9ec158a33f45da623b973daeec.jpg,2025-08-29,2952489,32278,176015,13796,66283,6274,4575,2025-09-01
115112404851803,396657882,叶玲秋雨,这吉他给你是用来弹的！（下）,手机游戏,http://i0.hdslb.com/bfs/archive/6811daa0f33a91f2a49ba78b3f8fbb48cfd0db44.jpg,2025-08-29,674129,877,83744,26215,27250,5216,2627,2025-09-01
115110676791739,14048220,马刀刻森,《孟 母 三 千》,同人·手书,http://i2.hdslb.com/bfs/archive/389ca898678f7e2e0373c156874765217c8f251e.jpg,2025-08-29,2300861,3351,164568,26318,56875,3021,1653,2025-09-01
115111716986140,1567141152,燕云十六声官方,特约小叙丨乞巧佳节，初探「不见山」,网络游戏,http://i0.hdslb.com/bfs/archive/4efaafbd4f6dba6957823cd07bf257c7aafa6811.jpg,2025-08-29,675315,1372,11954,2206,2202,1675,1791,2025-09-01
115121816866678,504468324,FairaStar_法拉,【鸣潮奥古斯塔】俄区coser自己全部手工缝纫？,仿妆cos,http://i0.hdslb.com/bfs/archive/08ffc961e008cc7ac9fd6c987f54ccb2f447e9f5.jpg,2025-08-31,216418,141,16793,4071,5655,650,400,2025-09-01
115122454404400,19286458,陈翔六点半,陈翔六点半:客不带客，这是规矩，客若带客，必有来意,小剧场,http://i0.hdslb.com/bfs/archive/319dafd61e571faf779edc8e1cfd103b41ad5a34.jpg,2025-08-31,274380,1192,14130,797,712,224,585,2025-09-01
115123628869444,7754948,一棵一棵,【审稿编辑吐槽投稿】二次元死宅不许来写克苏鲁小说！！！！,搞笑,http://i2.hdslb.com/bfs/archive/b4d1a7e2c910f6a3fa6d8cf190ca8f2f101798e7.jpg,2025-08-31,140847,2704,10591,1354,2377,2676,2245,2025-09-01
115117421240083,1938190,阻止火龙的复活,囚禁少女！创造神明？7年前被称为“史上最绝望”的游戏究竟隐藏了多少秘密？,单机游戏,http://i0.hdslb.com/bfs/archive/fcb550e077e04d75c17d8e0ba8f0dc8a3e60e915.jpg,2025-08-30,403774,768,22609,11953,10763,259,432,2025-09-01
115121196112455,489618859,铁柱大导演,比嘎子套路还深的癌症孕妈网红们,日常,http://i0.hdslb.com/bfs/archive/e45c9b512377064e71ae4d60a1938b2ed8e6d080.jpg,2025-08-31,331876,2368,16682,839,1388,1456,1204,2025-09-01
115099234733475,490670548,Minecraft-ICE,直到我遇见她,MAD·AMV,http://i1.hdslb.com/bfs/archive/c00bdbbb9f7b7eb750c3564f6d113e764caef4fa.jpg,2025-08-27,936336,461,265086,68913,97394,9583,2101,2025-09-01
115118008438643,8878219,吃蛋挞的折棒,三国杀up锐评新三国158：这江东到底你是主，还是我是主？,桌游棋牌,http://i1.hdslb.com/bfs/archive/c62e55fe9a10fe2d0fe7810c10001b930c6e5d71.jpg,2025-08-31,303061,7462,17200,10551,1973,402,2525,2025-09-01
115106717374580,14583962,思维实验室,三大战役后 斯大林曾施压制止中共解放全中国【思维实验室】,人文历史,http://i2.hdslb.com/bfs/archive/9a735ed5c0311c291c6dd361ae9ab3054a7c0f20.jpg,2025-08-29,1174622,2652,53504,7315,17051,1860,3478,2025-09-01
115115844180635,672436862,王者木木子,唐的没边,电子竞技,http://i0.hdslb.com/bfs/archive/6cfcc78e8c895ecb1a4afed20b1a36c95e68d795.jpg,2025-08-30,559504,14,30281,636,2097,1057,85,2025-09-01
115114351008530,48033476,堂主撩車,小米YU7，操控有多差？,新能源车,http://i2.hdslb.com/bfs/archive/03abdf0fd3a7a8749c03dd3774c9696542a41fcd.jpg,2025-08-30,569938,4432,27077,25953,4339,705,1829,2025-09-01
115100140703957,72270557,芳斯塔芙,【鬼谷闲谈】甲藻：什么都往DNA里刻会发生什么？,科学科普,http://i1.hdslb.com/bfs/archive/030aedb46ecd419b71fe40d1e0eea834a7d7721d.jpg,2025-08-29,1428183,9940,100297,19832,27348,3934,3192,2025-09-01
115115894572293,3353026,鹤吱菌,医生：作业抢救失败了……,搞笑,http://i2.hdslb.com/bfs/archive/b9a757fc72b6a34b3898651cb66854344f847c7c.jpg,2025-08-30,578499,985,33269,2527,7361,890,447,2025-09-01
115111146557024,3178005,小杨Johnson,《小杨有约20#》：老李船长,搞笑,http://i1.hdslb.com/bfs/archive/248f207ad3e7fdab6c515dbf7de1196efec13623.jpg,2025-08-30,965564,10089,88101,29014,15685,1316,2284,2025-09-01
115106818103573,632887,伢伢gagako,上海交大随机采访！保安居然？？？,搞笑,http://i0.hdslb.com/bfs/archive/4f691d48953d7a36932535e1daad93e0fd32a133.jpg,2025-08-29,2005674,790,71367,1286,5652,411,491,2025-09-01
115098664306450,3546798920567105,左老师和右不会,见过半自动葫芦丝吗,演奏,http://i0.hdslb.com/bfs/archive/34ed1fb361adc13ee80d2003b421af7e45441271.jpg,2025-08-27,1337145,349,91566,673,8181,3614,2163,2025-09-01
115110475468539,639923249,大瑶同学remix,那些年咱家的七夕,搞笑,http://i1.hdslb.com/bfs/archive/de6129618d4bb5aba0b47b0dbded513cbec9805f.jpg,2025-08-29,914931,579,87625,3349,2190,445,1011,2025-09-01
115112102857356,134664345,张百乔,我没事 开玩笑的 我不破防,搞笑,http://i0.hdslb.com/bfs/archive/e8df9903d55c24c0af74ff3ecf49d32510c69a57.jpg,2025-08-29,719040,398,66867,987,1099,409,1686,2025-09-01
115121347233463,98835151,崩杯星穹铁道,《崩坏：星穹铁道》动画短片：「江户星！平凡女高中生的放学日常？」            （假）【自制动画】,日常,http://i2.hdslb.com/bfs/archive/90fbf3aa91dd51c2baf6c7362188abdad8ccf328.jpg,2025-08-31,442361,2046,22551,2487,3897,3759,1201,2025-09-01
115122001415830,178690106,搞机所,【搞机所9月DIY电脑配置推荐】包含游戏生产力颜值覆盖2K-30K价位共32套配置清单！30分钟打造你的梦中情机！,数码,http://i1.hdslb.com/bfs/archive/26e9d4a694a56772f8e9f37a74c422cdd1c6a1e7.jpg,2025-08-31,316512,179,16421,3363,4748,166,577,2025-09-01
115093010516513,381778714,岚里,《恐 怖 学 车 老 奶》,GMV,http://i2.hdslb.com/bfs/archive/d72ddc2945467606598f4b272f6d0fd0ae8b671f.jpg,2025-08-26,7003164,1974,320720,15714,66385,56591,6264,2025-09-01
115100207879457,8918982,机巧绅士不会受伤w,【鬼畜电影】大逃杀 神人版①,鬼畜剧场,http://i2.hdslb.com/bfs/archive/1ac3d4974edcb1360bde293b22f354694e3f3cb4.jpg,2025-08-27,1958916,3777,108657,19589,42353,11422,2795,2025-09-01
115111750535883,502039012,有夕大人,我的恋爱宗旨，换一个。,日常,http://i0.hdslb.com/bfs/archive/21901b3a6bceecd14df815066d2b785ea4802364.jpg,2025-08-29,1656730,6003,155687,5160,18031,15762,3421,2025-09-01
115088665086618,1447640221,普通の宁,“布怼....油问题....?⚡”,综合,http://i0.hdslb.com/bfs/archive/7771de8b9e81e958a43565584af3fc67fea4cb49.jpg,2025-08-25,761556,103,39110,517,4472,268,414,2025-09-01
115103999462578,161775300,明日方舟,【明日方舟 × BanG Dream! Ave Mujica】SideStory「无忧梦呓」活动宣传PV,手机游戏,http://i0.hdslb.com/bfs/archive/e0ded593b79bd597db823d03d60befb5bb356b56.jpg,2025-08-28,4746157,115680,346639,172699,77265,291245,83762,2025-09-01
115123410700380,11646119,正直讲史-李正Str,释道忞·林莅：明末大和尚，摇摆过一生？【康熙王朝】,人文历史,http://i0.hdslb.com/bfs/archive/14c1e860649e6e49b2f22bb357a06feda2393bfe.jpg,2025-08-31,158761,1548,10571,5938,2846,218,660,2025-09-01
115118176274611,1876542,骚橙丶,别惹我，小心我把你做进千星奇域里当球踢！【原神千星奇域】,手机游戏,http://i0.hdslb.com/bfs/archive/8f9c715ae419230b4c325b9d37d0168fd4080cea.jpg,2025-08-31,255413,852,18735,715,1647,972,2723,2025-09-01
115116079062271,297670584,我是大佬K,她因为工作太努力遭同事排挤举报，结果竟揭开了一起惊天大案！,人文历史,http://i2.hdslb.com/bfs/archive/5c75c030b55f7552db77a080c9a8b3e1d3c5a11f.jpg,2025-08-30,435463,3474,12934,2872,3302,384,1196,2025-09-01
115123343655224,15892313,知名相声演员BBBBB大王,说走就走！怒花上万一个人去看了一场花火大会,日常,http://i1.hdslb.com/bfs/archive/995d1c2e7dca935c7cf7775ba8afd42aae1b199b.jpg,2025-08-31,162089,2254,21561,8785,3104,1157,726,2025-09-01
115112539070351,3546833901062456,宕机菌,去年我一人对抗全日本，今年我对抗全世界。,单机游戏,http://i0.hdslb.com/bfs/archive/dbcfe4e9d7d077a82222099d39f4287b7252f8d1.jpg,2025-08-30,403524,1803,12957,3899,1878,562,1751,2025-09-01
115123226155951,547072854,中气爱,凶狠秋老虎来了：上海等高温破纪录随后冰雹，大范围高温雷暴雨将启动,科学科普,http://i2.hdslb.com/bfs/archive/a1c828d46005a9c8804661da9dc580a91743ab88.jpg,2025-08-31,235831,767,16471,618,816,793,1161,2025-09-01
115095778692439,1059551737,搓oc师傅,【oc动画】我的竹马好像变成了…？！,同人·手书,http://i0.hdslb.com/bfs/archive/521739f96bfb2136b6e9fd8cf915256727891f61.jpg,2025-08-29,1007253,654,145787,26375,86426,2186,785,2025-09-01
115112488797660,287795639,短的发布会,【短的发布会】金凡变身金三顺？这个小米超级岛有亿点点顺,数码,http://i0.hdslb.com/bfs/archive/263be7d085595ac618f4562ed45927359d3eba3d.jpg,2025-08-29,1022691,2483,53469,3033,5120,2159,2188,2025-09-01
115108780969658,386106307,杜克环游世界,我不是一个聪明的人，不是一个漂亮的人，不是一个完美的人，但我不是假的,出行,http://i1.hdslb.com/bfs/archive/a8166f06236bfe438c293698a84a4ca8a02e0949.jpg,2025-08-29,1368174,12553,117000,154082,30057,6425,9756,2025-09-01
115100442695075,19286458,陈翔六点半,陈翔六点半:一百块钱拍大片,小剧场,http://i2.hdslb.com/bfs/archive/9e1812d03c8fe41aeda2f3e072107fea93d189ee.jpg,2025-08-27,3531485,1640,73959,5097,10034,713,925,2025-09-01
