视频 ID,用户 ID,用户昵称,标题,归属类别,图片,发布时间,观看人数,弹幕数,点赞数,投币数,收藏数,分享数,评论数,当前时间
116974508118143,19286458,陈翔六点半,陈翔六点半：有人在这里被爱过，有人在这里学会了爱,小剧场,http://i0.hdslb.com/bfs/archive/11647373ece5f8cd951e84c975cde34710846fea.jpg,2026-07-24,2762675,1941,112873,29814,24296,3628,4975,2026-07-25
116974944261272,2342793,是王小白呀,整活！当做饭很难吃的女友突然买了一兜子菜…男友直接崩溃了！,日常,http://i2.hdslb.com/bfs/archive/68b0bf17c7408cfde56cbc23d20beca0f491fd22.jpg,2026-07-24,497443,1424,14718,2246,1979,1201,189,2026-07-25
116976269658236,98627270,哔哩哔哩国创,【独家】《凡人修仙传之慕兰之战》第8集【总第184集】,国产动画,http://i0.hdslb.com/bfs/archive/47c4cec06d3d8045e84b644a1ae0d1469aa39b8d.jpg,2026-07-25,2389120,77816,94639,130109,17967,926,6154,2026-07-25
116971253274492,474702359,自来卷三木,《下一个是谁》第七季（2）,日常,http://i0.hdslb.com/bfs/archive/e69e20b838bbad5e2ece2b2c6be554fe005f6d0a.jpg,2026-07-24,1943933,83281,245544,310982,97865,10617,14558,2026-07-25
116962411680078,472229397,张森的下班料理,晚上在店里加班处理金枪鱼，顺便切点边角料偷偷做个晚餐吃,美食记录,http://i1.hdslb.com/bfs/archive/48e74f037ee7312db354f1dd74b1ef9c9a192315.jpg,2026-07-24,1211182,4222,90455,4087,7021,2750,1984,2026-07-25
116972796773708,32489834,罐子pot,这才是真正的民用机床,单机游戏,http://i0.hdslb.com/bfs/archive/f0e4371d4c1bbeb35f77dae0a325e9220b034ddf.jpg,2026-07-24,841369,541,59434,1199,10587,1789,752,2026-07-25
116967126074885,7584632,哔哩哔哩纪录片,【纪录片】闪闪的儿科医生4 第9集 扎起，全技能就绪！,社会·美食·旅行,http://i2.hdslb.com/bfs/archive/b88369348fbe75961cba78b1f2b49fb6a418c379.jpg,2026-07-24,1234718,3166,3665,841,908,86,213,2026-07-25
116928102337211,7584632,哔哩哔哩纪录片,【纪录片】地球·劫后重生 中配版07 大陆碰撞,人文·历史,http://i1.hdslb.com/bfs/archive/ea473e2528e5ab1c1297fb5f9c75bb3b28504891.jpg,2026-07-24,760967,152,1594,152,609,36,54,2026-07-25
116968602607303,1409380252,ZGL蛇语者,见蛇不打三分罪？让我们来看看舟山眼镜蛇怎么说,野生动物,http://i0.hdslb.com/bfs/archive/43c6a0f768948597f71ae01cabc9112234a8200d.jpg,2026-07-23,1579520,2682,94623,4209,12339,3930,1915,2026-07-25
116971404264795,3493260618106936,伤心欲茄222,《最绝望の主持人》,搞笑,http://i2.hdslb.com/bfs/archive/8c6df33d82d54717df88bd8181548e54b3fbde78.jpg,2026-07-24,3135258,959,225835,2880,11411,1768,3950,2026-07-25
116963116652282,3493260093819171,李维刚的日常,今天花2万包5000斤的鱼塘，塘主的举动让人暖心,美食侦探,http://i1.hdslb.com/bfs/archive/2bec8217de0378def923660d4e32c4ba4ad54da4.jpg,2026-07-22,2804670,4291,254153,48439,9843,3919,4712,2026-07-25
116972847106316,63231,泛式,袜学导论：从脚踝到大腿，袜子如何成就二次元的顶级暗示！【泛式/次元论战】,动漫杂谈,http://i0.hdslb.com/bfs/archive/02f88b9977b155cc487e169227013e70a0ee4f4f.jpg,2026-07-24,1446870,10414,146576,97013,56873,27275,9551,2026-07-25
116966471766229,2031675773,拾依CC,森罗物语扩展包/沉浸式吃播展示 （部分）,单机游戏,http://i2.hdslb.com/bfs/archive/f82db86a885319db3dacbedb66b86877ac9cba13.jpg,2026-07-23,1999033,754,160671,3196,61222,15161,2816,2026-07-25
116974860374045,3493279194679455,牙牙的包裹,直哉挑衅佐助  十尾空降涩谷,同人·手书,http://i1.hdslb.com/bfs/archive/93c4f6bbeb52bfd885da3a91f40d763b74707e2b.jpg,2026-07-24,610035,1312,57248,18102,11860,3565,3237,2026-07-25
116941826099763,32025839,三宋在这,儿子陪老爸找工作！没想到我会陪55岁的老爸去招聘会...,出行,http://i0.hdslb.com/bfs/archive/b0991109bc04c5450ca702fbf92a3ed65ce6a491.jpg,2026-07-24,1084223,1947,44514,22062,6465,1370,1324,2026-07-25
116963502197593,496116540,三个大比兜啊,老同学婚礼让我穿最贵的来？,日常,http://i0.hdslb.com/bfs/archive/31e68dba8d7820eb3ca8f0e30f4c2a5d4a5ed2c9.jpg,2026-07-23,3701438,1494,233359,4395,19621,3578,5141,2026-07-25
116968048893675,3546841593416381,自律小爽子,⚡一战成名⚡我把风扇立在了一支笔上,日常,http://i1.hdslb.com/bfs/archive/07cc85a5d6ea39ccd7d52db2e1c4bed732ba7abf.jpg,2026-07-23,4054536,8207,564089,22154,51981,20382,11362,2026-07-25
116974122174388,35579222,紫颜-小仙紫,“弦起敦煌，壁画再世！”【鸿音】,日常,http://i2.hdslb.com/bfs/archive/687ea28ac8c3899f37af2f53c28cfe6859911ab5.jpg,2026-07-24,449291,1339,17148,4866,10580,1380,525,2026-07-25
116974323632280,373388923,脱缰凯Kk,监考小风波,小剧场,http://i2.hdslb.com/bfs/archive/82718b22efc3c7a9a79776aa68c82c388f1c65d6.jpg,2026-07-24,895215,3307,84500,3394,7821,1274,2427,2026-07-25
116967226809820,349984754,永劫无间官方,永劫，再打十年也不会腻 | 新英雄【全职高手 · 叶修】CG,网络游戏,http://i1.hdslb.com/bfs/archive/44bff65b4931a7ea13be5e8991114287c561302e.jpg,2026-07-24,1548312,465,9090,2178,1535,4713,1888,2026-07-25
116973635634688,1131457022,人民日报,00后男生跟父母说今年带女朋友回家，没想到……网友：这下玩大了！,日常,http://i2.hdslb.com/bfs/archive/d82d75dcb040b5c1dc9cf9c8db2a6c8eec2c909c.jpg,2026-07-24,2709038,502,177878,649,5741,2027,3310,2026-07-25
116975900561451,268941858,磊哥游戏,只要我转的快，我也是王者荣耀的高手,单机游戏,http://i2.hdslb.com/bfs/archive/3176ef9bd3e6b61180e079eb1077e73fb7afcdc6.jpg,2026-07-25,424800,674,43300,2476,1503,596,1947,2026-07-25
116974541608126,278761367,唯一讲述者,旭旭宝宝争议事件：掉粉近80万，他错在哪一步？,网络游戏,http://i0.hdslb.com/bfs/archive/71e15ff2bc815bd4b3a6ad489b1deb31d1820186.jpg,2026-07-24,762179,10623,26062,2898,4609,1547,3758,2026-07-25
116948620805617,3493140956711129,戴律请回答,我会顺着网线 找到你！,社科·法律·心理,http://i0.hdslb.com/bfs/archive/dc00115e2dd79de6874ae684580325037de199ed.jpg,2026-07-24,661553,3571,109115,23826,8390,715,1975,2026-07-25
116972763356532,1636034895,绝区零,《绝区零》蕾米埃尔角色展示 | 恰如往昔,手机游戏,http://i0.hdslb.com/bfs/archive/36a3d4b0b4c3e4dac71910441e3de64565f81c5b.jpg,2026-07-24,2146113,10508,143919,80623,36746,21995,12761,2026-07-25
116969995044465,430426421,燕三嘤嘤嘤,乌克兰大变天了,人文历史,http://i0.hdslb.com/bfs/archive/66cbe66ff1b7263b693b6b65ff28b757bb7a3235.jpg,2026-07-24,1417751,10033,91618,19964,14953,1309,6054,2026-07-25
116968317259931,3707028245579861,白子糯糯,在我的世界用音符盒演奏周杰伦老师的《花海》,手机游戏,http://i0.hdslb.com/bfs/archive/3a4940c19e69d7a946beeb1ef60d8e0191c9e655.jpg,2026-07-23,299866,314,59589,11339,7281,980,1260,2026-07-25
116967344244377,1577804,某幻君,我，美人鱼，打钱,单机游戏,http://i0.hdslb.com/bfs/archive/c131fa71664909e6546a964cde0498300cb99eee.jpg,2026-07-23,707042,3475,40255,10868,7322,743,1191,2026-07-25
116973132316829,626297715,荒草音乐,“LOL的faker老态龙钟，青瓦台的相赫风华正茂”,搞笑,http://i1.hdslb.com/bfs/archive/e48dc269a3474408c5eebf4fa033bf8755e5b020.jpg,2026-07-24,806639,648,48025,1018,3881,5983,3722,2026-07-25
116951137388659,15634833,鲤鱼Ace,树恨你,单机游戏,http://i1.hdslb.com/bfs/archive/99b23f67edb90240e6f5938d9aa6584100677c34.jpg,2026-07-20,8389538,496660,991120,635463,322760,71574,146781,2026-07-25
116975112031054,1238329219,觅2,双直播养女儿；4000人在线的赛博过家家,同人·手书,http://i1.hdslb.com/bfs/archive/4695a684a6a77f43d84f8e5440196b64e36b326a.jpg,2026-07-24,305914,559,36304,4510,6630,2115,1232,2026-07-25
116967847501312,407054668,亿点点不一样,连续21天十点睡六点起，我真的会变健康吗？,科学科普,http://i0.hdslb.com/bfs/archive/9b30f061536f0a97338ef1335529f04bf092787a.jpg,2026-07-23,4162866,7775,166628,48552,56591,35828,9214,2026-07-25
116973400753665,480959917,良田田田,心灵在2012年的一次播报，时隔14年落在了自己的身上，时间绕了一圈，完成了温暖的闭环。,时尚潮流,http://i0.hdslb.com/bfs/archive/97732d8218425f436e8b34c8b2900cdeb540c0f0.jpg,2026-07-24,608592,251,98145,19729,3097,433,544,2026-07-25
116972461230519,43222001,卡特亚,【绝区零】蕾米埃尔丹综合测评：圣光级虚狩！武器对比+技能解读+驱动盘选择+影画提升！数值正是为王的理由！,手机游戏,http://i1.hdslb.com/bfs/archive/b2bb6013b62f7857e99655b8598af53046a17f3c.jpg,2026-07-24,838344,5009,75526,20055,15014,5134,4869,2026-07-25
116974961168587,12073864,-碱式碳酸咸鱼-,双六星干员手动组队 VS 全息11-6怪群，强化版入职测试！【明日方舟】,手机游戏,http://i0.hdslb.com/bfs/archive/9f934c84afb5a708f7195581b32877da172f41ec.jpg,2026-07-24,514224,1439,32882,3872,3124,681,1003,2026-07-25
116976118662515,306936843,雨说体育徐静雨,【徐静雨】詹姆斯加盟费城76人，伟大的决定，詹霸天重回东部了！,篮球,http://i0.hdslb.com/bfs/archive/f0f1afc759777bd6d6add1e69d6d2f152696c345.jpg,2026-07-24,598920,5525,13363,3432,1732,3447,7259,2026-07-25
116962847891171,262453663,Vinheteiro,我婚礼上要放这个,搞笑,http://i1.hdslb.com/bfs/archive/ee7b9ea2e9f686b41e0b42761209c630e97cb5ef.jpg,2026-07-22,5298549,6897,546074,58896,103399,49101,9352,2026-07-25
116973082123603,23947287,小约翰可汗,文化革命  伊朗·1980,人文历史,http://i1.hdslb.com/bfs/archive/961218b87486be9394da959087157489270c8bb5.jpg,2026-07-25,165137,644,7354,3725,2765,990,762,2026-07-25
116975430803423,1140672573,小王Albert,西班牙赢麻，FIFA赚麻，特朗普乐麻，世界杯谁是输家？,足球,http://i2.hdslb.com/bfs/archive/70cd6601fb5c6935979390b4c87c168a87bae2c8.jpg,2026-07-24,467280,2068,30173,7198,6351,673,2315,2026-07-25
116966522166901,2064944174,林笑嫣然,淘到三模热敏键盘,日常,http://i2.hdslb.com/bfs/archive/7ae599507aa3c0dcad012cadfe23256624f0ef8f.jpg,2026-07-23,1396137,326,31682,524,1019,431,1007,2026-07-25
116969273630223,485359169,邢三狗子,沙县小吃，碳水天堂,搞笑,http://i0.hdslb.com/bfs/archive/7aa9904a95df21d9a50fc45fd7039532bdd849ce.jpg,2026-07-23,1204634,467,86029,919,8324,635,869,2026-07-25
116976202548945,8878219,吃蛋挞的折棒,新三国up锐评老三国09：上安朝廷社稷，下谢天下黎民！,影视剪辑,http://i2.hdslb.com/bfs/archive/fe6102c97522fd0d4a975355f45e4b2dfbbfe9f7.jpg,2026-07-25,192525,5420,17374,7757,3427,232,2294,2026-07-25
116974189284236,490042702,陈善福儿,你好可以去你家给你做饭吗？第六十五顿饭-第五十八家-福冈奶奶姐妹花,搞笑,http://i0.hdslb.com/bfs/archive/6b078d282a5e462ee9ac44e57f8cf7e74ed7cccd.jpg,2026-07-24,367987,2134,36112,8968,5597,743,1024,2026-07-25
116974407452357,39627524,食贫道,自驾克罗地亚，你永远猜不到下一站会有多“抓马”,日常,http://i1.hdslb.com/bfs/archive/22d93f78cfa2f0580c59bf1786b97042a6c9840e.jpg,2026-07-24,705057,4983,30370,9302,7176,769,717,2026-07-25
116973585308961,35734399,小橙子姐姐解说,当方块会蔓延并吞噬世界！？,单机游戏,http://i1.hdslb.com/bfs/archive/e3cf3e788c2d49d66b42c190aa96af437f642632.jpg,2026-07-24,1626286,663,37058,2433,17446,94,258,2026-07-25
116956271285989,88177556,牛斗niudous,【第48版】如果“豆包”死掉你会怎样-【AI全民制作人】,影视剪辑,http://i2.hdslb.com/bfs/archive/e38ef685eca836921a980e3ba8594942cf8f977e.jpg,2026-07-21,1317294,619,96016,23943,30498,5369,2783,2026-07-25
116974558512600,3670216,TF家族,【TF家族练习生】《成长档案NO.0704-满分答卷》官俊臣生日纪录片,明星综合,http://i2.hdslb.com/bfs/archive/bfe9d9911315ad822a9ce3b3e6b0c3ac2e76e9c4.jpg,2026-07-24,732686,127841,30425,5014,8782,1313,2949,2026-07-25
116973669193719,3691006534879284,不是帅哥w,假如暴雨末世来临而你被困在家里！！【第一季完结】,单机游戏,http://i1.hdslb.com/bfs/archive/ba668b6d572925fcdf92d89abfb9639049b42753.jpg,2026-07-24,1236865,640,42592,5963,56709,236,181,2026-07-25
116968820578264,288387457,小小段砸,本想报智能制造，报成“智能建造”了！！！,搞笑,http://i0.hdslb.com/bfs/archive/f9f4fbeddcfde720621972350b550c6d0611c56f.jpg,2026-07-23,1936655,799,109852,4227,6562,4704,7235,2026-07-25
116968183039243,367206605,住在楼上的阿美,《我的花童弟弟》,亲子,http://i0.hdslb.com/bfs/archive/0d54a1fcd1a0e8620cf5914e861e49c3e8ab9e6d.jpg,2026-07-23,1511224,2306,72725,949,2005,557,950,2026-07-25
116963418316650,6989655,马鹿blyat,《海战模拟器》,极客DIY,http://i0.hdslb.com/bfs/archive/5173e6d96614ae428bfb81d11633883f4785abaa.jpg,2026-07-23,2656977,2115,285815,32477,50359,15650,5332,2026-07-25
116974592204245,1660201575,大瀚美食考古,志愿军炒面很好吃？复刻并徒步38公里实测,美食制作,http://i0.hdslb.com/bfs/archive/6b7bdf0dd7706a50e53fd6c5ba070681964cb19b.jpg,2026-07-24,118287,435,7928,2052,810,92,649,2026-07-25
116969693121520,1791215630,Ricky捏,你的意思是你杀了他养了一整局的鼠,搞笑,http://i0.hdslb.com/bfs/archive/65029432757708add561ebc0564796eae645a0bf.jpg,2026-07-23,816177,763,62486,14018,19570,1184,1357,2026-07-25
116945215034420,3913978,二两卤菜_,史蒂夫执教中国队！【AI全民制作人】,搞笑,http://i1.hdslb.com/bfs/archive/afc61725adf429b91912e82724570518f1f4714d.jpg,2026-07-19,4985552,6653,299065,31253,52256,33489,3716,2026-07-25
116963971958456,1582757648,印度老吃家,成吉思鸡200卢比买一送一，我只要送的那份,美食侦探,http://i0.hdslb.com/bfs/archive/828b921533bfd7e2911d005000f669e9d29aa5e6.jpg,2026-07-22,3781530,1808,249220,7637,41585,7331,3073,2026-07-25
116968468318425,470962000,落九川,上课打游戏 期末考段位？电竞专业真有这么爽吗？,搞笑,http://i2.hdslb.com/bfs/archive/9599a316feec70506cc09104865e47e1232eda68.jpg,2026-07-23,1111544,962,20317,1360,3130,1604,1509,2026-07-25
116969558837591,358607628,三桥qzg,玩剑魔打蒙多能忍住不笑的，你是这个👍,网络游戏,http://i1.hdslb.com/bfs/archive/34bca95ee3686bf7312076b847303394cb32a652.jpg,2026-07-23,1267095,3943,102318,33498,4257,3692,5938,2026-07-25
116974105401020,99157282,盗月社食遇记,在西宁这碗麻辣烫端出来前，我简直在乱吃。,美食侦探,http://i1.hdslb.com/bfs/archive/02480fbe595d531bae79e6df4744a33b8da57f7d.jpg,2026-07-24,418364,3879,23441,10463,5951,3700,1079,2026-07-25
116968854128961,118460438,小奶酪酪子,陪莉莉一起吃饭吧～,美食记录,http://i2.hdslb.com/bfs/archive/ad4100417849d197b92f2f7f5bd7fbd68dc7fd6b.jpg,2026-07-23,1516642,667,138070,3109,9274,2695,1588,2026-07-25
116968250150984,439478093,中国食品报融媒体,指鸡为牛、移花接木：营销号看图说话有多离谱？,科学科普,http://i1.hdslb.com/bfs/archive/b40eae9ce3829f9470c8bad45bd2284209f811ce.jpg,2026-07-23,4110429,1670,194174,6240,40936,3448,3040,2026-07-25
116968065736201,393709394,一串大福,上课时的难绷瞬间！,搞笑,http://i2.hdslb.com/bfs/archive/a4e948ae1c5892d7fe64f6dff28c93cc61890ca0.jpg,2026-07-23,2735143,2681,210604,6410,58106,2169,2714,2026-07-25
116951842160777,67063436,知音剑客,【蓝牙耳机推荐2026】 7月大合集！含音质和降噪测试！百元蓝牙耳机/入耳式蓝牙耳机/降噪蓝牙耳机/手机厂/HIFI厂耳机推荐！全价位各大品牌对比！,数码,http://i0.hdslb.com/bfs/archive/cd851d63ae9b3b7149955843be118276b1f2e2de.jpg,2026-07-20,3758654,1986,163262,15862,27334,3951,1919,2026-07-25
116941155015997,3707031456319653,温柔雄鱼档,无骨草鱼 无骨草鱼教学，十年老师傅无保留教大家，简单易学。,日常,http://i2.hdslb.com/bfs/archive/1b11ada689b5199047f887939d6c4e5833f77e67.jpg,2026-07-18,5837789,5617,649306,110852,233953,31766,15209,2026-07-25
116963216987655,598464467,苏星河牛通,【苏星河车机】小资人群最爱的车，车机能有多么离谱？,新能源车,http://i1.hdslb.com/bfs/archive/dddef369d12a7b8e447f499d3bc20ca7126977ea.jpg,2026-07-22,1305248,512,34938,2273,2648,290,453,2026-07-25
116962696956059,94281836,文西与阿漆,嘎子哥抽象电影诠释何为硬汉の顶点！心脏被打爆都不死？！笑拉哈哈哈哈,影视杂谈,http://i0.hdslb.com/bfs/archive/b41666a2e5e9127495463c90d72497ebba098012.jpg,2026-07-24,504974,3574,50432,11605,4807,1004,1503,2026-07-25
116967159629281,503058735,侯绿萝,当你穿进老钱班30,小剧场,http://i0.hdslb.com/bfs/archive/d5a72aad2bdf5fc64b83833b6f6acb57c29c63bb.jpg,2026-07-23,3471154,3428,209074,5594,14141,2999,1258,2026-07-25
116974357058664,9458053,李永乐老师官方,我是如何两次与菲尔兹奖擦肩而过的,科学科普,http://i0.hdslb.com/bfs/archive/3a545d0d0377dd7267e81c99c8b3066531cd5fd3.jpg,2026-07-24,517441,364,17515,748,1567,513,899,2026-07-25
116973014947796,2005125965,知止三角洲行动,我真的好痛苦,电子竞技,http://i0.hdslb.com/bfs/archive/4881ef497c01e5c7bc55070a4c8703f2f28340eb.jpg,2026-07-24,428732,123,32910,815,3019,1464,791,2026-07-25
116974155729116,44128829,某天的游戏小屋,救命！暑假店里彻底疯狂，人多到走不动 饮料桌游全爆单,日常,http://i0.hdslb.com/bfs/archive/028d9baf32e3ddb34fbe0a162298394cf018001d.jpg,2026-07-24,784520,1288,25824,10079,2328,541,824,2026-07-25
116973920918944,266765166,漫士沉思录,【漫士】所以，到底什么是三维挂谷猜想？难在哪？,科学科普,http://i1.hdslb.com/bfs/archive/0c1e48b87453aa2a044632d1ac018501bea97d26.jpg,2026-07-24,440494,2245,26616,11095,11857,3624,2302,2026-07-25
116969474891761,1809444890,三角洲-安澜,《嘿嘿，嘿嘿，嘿嘿》,网络游戏,http://i1.hdslb.com/bfs/archive/a6d84258f63fad3df91e74f6cbbe3714ee413d41.jpg,2026-07-24,1167318,780,51270,1038,6161,244,715,2026-07-25
116967830716535,11684621,太阳星sunstar,美国20000个，中国300个，中国机场为什么那么少？,人文历史,http://i1.hdslb.com/bfs/archive/dac5fc9e04adfbd3985180b20f81aa3e1be77721.jpg,2026-07-24,396758,1590,19604,1410,2892,159,2357,2026-07-25
116961874809056,23947287,小约翰可汗,德国最难建的车站在哪？【神奇组织52】,人文历史,http://i2.hdslb.com/bfs/archive/d13e99d382275b5b7497eaa4b563bf0f5f71ff5d.jpg,2026-07-23,2550408,19838,159375,62332,37334,5666,10838,2026-07-25
116956204240916,52143989,音乐之声生不息,【陶笛】The other side of paradise.抱歉哪位小盆友点的，找不到截图了。。。哈哈哈哈哈,演奏,http://i0.hdslb.com/bfs/archive/f452f27eee22066c857cc67f49d27cbf8e4ae397.jpg,2026-07-21,2065930,919,352964,31960,38272,3787,2922,2026-07-25
116962093112867,250648682,红豆稀饭中,“全世界最倒霉的人”,鬼畜调教,http://i0.hdslb.com/bfs/archive/9f6d37448c94d0048dfabfd9142fe2de66408699.jpg,2026-07-23,318498,408,17239,6525,5384,849,491,2026-07-25
116973182721958,64116958,名游社,我杀死了100个细胞！,单机游戏,http://i1.hdslb.com/bfs/archive/586cd16ba133875f51b65f6642ac6fdb9ac84941.jpg,2026-07-24,367193,357,18211,575,4150,95,199,2026-07-25
116973216276213,3707035986168159,JustWhispy,Verity 官方配音演员回答网友最想知道的问题,单机游戏,http://i0.hdslb.com/bfs/archive/60398bb0d1e0a53d65323dbd7f8e65310b7887b9.jpg,2026-07-24,422303,8071,62833,15966,23879,948,3391,2026-07-25
116969642657850,2091987147,糖幽685,老己，借下你的干员,特摄,http://i1.hdslb.com/bfs/archive/8a1264d217251090d01aef25c2889acc6f1e5be4.jpg,2026-07-23,686819,730,53271,4664,13862,2638,1192,2026-07-25
116974122439773,182481858,唐尼是个der,干吃播也是不容易……,美食测评,http://i1.hdslb.com/bfs/archive/0112f913f348f6426f24329fb7f14031eb664136.jpg,2026-07-24,479203,569,33801,670,2444,192,271,2026-07-25
116974860441287,84130356,夏天y,「谁是智力王」最终决战!!!这一场比赛将决定最后的智力王！！！,单机游戏,http://i1.hdslb.com/bfs/archive/b3f051cb41cb1209b88abb6c256235ba499abf02.jpg,2026-07-25,149811,3004,19302,12236,6167,218,908,2026-07-25
116974726222225,11870568,拉宏桑,徒步到山里没地方住，竟然发现了寺庙,日常,http://i1.hdslb.com/bfs/archive/9d5ee28ef4bd43e1af07580fab4ac928fd04b4c5.jpg,2026-07-24,398448,2371,34895,7639,2311,769,1052,2026-07-25
116974071908168,1447736,吉事堡,接着奏乐接着舞！Papi酱《生气了》KPOP版,音乐综合,http://i1.hdslb.com/bfs/archive/98ff6efbbb5c9ac12976816e5c6d96ac7d4f62a3.jpg,2026-07-24,292921,376,16214,5127,2918,4948,821,2026-07-25
116969609101402,1460143229,糖小冰official,从夯到拉锐评近期爆火的智斗小曲,日常,http://i1.hdslb.com/bfs/archive/9a24c5ac8791b40b0b1fb514cc4f04bce99d8a1d.jpg,2026-07-24,2218757,728,66244,4779,64250,145,278,2026-07-25
116974944260321,39693971,彭导分享,一口气看懂王虹获菲尔兹奖：挂谷猜想到底有多难？,计算机技术,http://i2.hdslb.com/bfs/archive/dcbe83499cf8763c510445da871b7edbd5c94cda.jpg,2026-07-24,286179,1027,6678,3218,3513,1419,1059,2026-07-25
116964156511429,8680974,干饭三健客,成吉思鸡套餐！鸡佬的成吉思鸡套餐，吃了有力气,美食记录,http://i1.hdslb.com/bfs/archive/819d205aaf37baf3700237aef8e9c2d50c6c25c9.jpg,2026-07-23,1149224,877,68961,3085,5588,2434,1243,2026-07-25
116974709376307,1504970622,SvenTheOrangeBoy,请务必保持补种树苗… |【怪树】[MC诡异见闻录],单机游戏,http://i1.hdslb.com/bfs/archive/b5d8f7e58c1d9024af931977c911e84d92ef67f7.jpg,2026-07-24,273256,4194,26015,3935,9927,380,2788,2026-07-25
116972998106662,8779879,Coulson不讲李,大坏狐狸的故事抽象中配 大结局,动物二创,http://i0.hdslb.com/bfs/archive/f7faa6655814883bce29d44f7590f51e8a7ec413.jpg,2026-07-24,1013150,271,41251,1872,11268,1029,301,2026-07-25
116968686360193,48455786,CSGO国服,“人生不需要赢下每一场比赛”,电子竞技,http://i0.hdslb.com/bfs/archive/4d0e76aeccc7cbdb411daddfe01ba3c7584f4274.jpg,2026-07-24,314360,148,35683,9790,7540,2386,1320,2026-07-25
116951892430901,3546390846245099,阿汤哥1989,请问哪一处会扣分？,汪星人,http://i1.hdslb.com/bfs/archive/b7a05fe3ec3fa52e88e272e29a123b4fbfc31c95.jpg,2026-07-20,1706657,2687,164711,8129,23128,16075,7579,2026-07-25
116972964611820,477676711,田一名sir,大家猜猜我是谁,原创音乐,http://i0.hdslb.com/bfs/archive/d44068916ce892ddcc85832f92727fca72e0dc1e.jpg,2026-07-24,2122278,8598,170440,3404,16224,65741,21770,2026-07-25
116976101957038,48671478,职耶演员,决定五！加盟76人！市场价400万管湖人要顶薪？,篮球,http://i1.hdslb.com/bfs/archive/e8fbf64fd5511fc5de1b2f14fc3e04e8e22f9fcc.jpg,2026-07-24,288991,1512,6884,736,610,661,4768,2026-07-25
116974357055801,3546596079831228,单春蛋治,【Trollface】互联网最经典的一张脸，到底是怎么来的？,综合,http://i2.hdslb.com/bfs/archive/31a43fb09379dccea025a38eca0131b5f9ae0a90.jpg,2026-07-24,395749,1420,30345,1573,9051,660,1334,2026-07-25
116969407842492,35656614,泰裤辣C总,多动症版甄嬛传3-阖宫觐见一家亲【AI全民制作人】,影视杂谈,http://i1.hdslb.com/bfs/archive/5b5c563359499180d84c52437b36877f796b586f.jpg,2026-07-23,780686,424,25761,4637,4307,2878,429,2026-07-25
116974373963723,50395041,神奇猫猫头,到底在嗷呜什么啊喂！,MAD·AMV,http://i0.hdslb.com/bfs/archive/7e99cefafdebd5e000d79214f32614e759e0e128.jpg,2026-07-24,738822,214,82618,1094,13739,3257,1662,2026-07-25
116973937624580,10874201,盒子酸奶,每晚十点固定死亡！该如何逃离这恐怖的死亡循环？！,单机游戏,http://i2.hdslb.com/bfs/archive/9781a42ae22ef309d484da310fe7104870837473.jpg,2026-07-24,635694,1468,33294,3128,19371,214,420,2026-07-25
116968199882273,433004026,卡秃噜皮君,年度大活！！峰哥cos沙僧，良子cos猪八戒！！！,搞笑,http://i0.hdslb.com/bfs/archive/cdec10802231aad6328c480caae247cc0ef20575.jpg,2026-07-23,2230537,885,143151,2863,15746,27359,3717,2026-07-25
116974122180375,1223615155,牛战士历险记本人,洗不掉了，喜提贝利亚永久皮肤,手工,http://i0.hdslb.com/bfs/archive/c3e024a1e1b31e4a8dd947974d75b4012e8a2330.jpg,2026-07-24,718457,241,45216,1900,4595,6811,2251,2026-07-25
116969273562154,485359169,邢三狗子,我最爱吃火锅了！,搞笑,http://i0.hdslb.com/bfs/archive/9bd870a13254238d6777721885aa3f49b4ef3959.jpg,2026-07-23,930745,340,45520,659,5158,339,486,2026-07-25
116966991925452,405279279,平平出击,在日本贫民窟脏摊和日本人打成一片！穷人美食到底啥味儿？,美食侦探,http://i2.hdslb.com/bfs/archive/cded7077edb19643fb7f1a1936a9e130ff242c06.jpg,2026-07-23,1636342,2257,37919,13028,7804,1740,1632,2026-07-25
116974491344215,38154792,Redknot-乔红,用最好的动画为你讲解--什么是先进封装,野生技能协会,http://i1.hdslb.com/bfs/archive/d71656013fa9e51433a89565dda15f0410814135.jpg,2026-07-24,200515,734,12762,6783,7315,1473,727,2026-07-25
116956808087488,357753742,Q弹的果冻c,我的世界硬核生存！【缆车末日惊变100天】 p1 我被困在了充满丧尸的1千米高空缆车上！该如何生存？！！,单机游戏,http://i1.hdslb.com/bfs/archive/72d31598f3fa4926eaaf7413d0b21818215b3ce0.jpg,2026-07-21,5543089,7724,274294,57209,240497,4739,1308,2026-07-25
116950566965265,3546982484281378,-大大大大古,差点被烟管单杀了,日常,http://i0.hdslb.com/bfs/archive/979bc06190986197cba2cae14e8d09504da4076a.jpg,2026-07-20,5307583,25667,554859,32255,135360,64840,14289,2026-07-25
116969273626965,485359169,邢三狗子,我最爱吃饺子了！,搞笑,http://i0.hdslb.com/bfs/archive/1039c51353934fcfbecb4a739a2c4b9e53b62368.jpg,2026-07-23,842987,403,50394,679,7257,347,644,2026-07-25
116963451864962,446430908,小傲想睡觉,预制视频！,美食制作,http://i2.hdslb.com/bfs/archive/08054c322d0e55d7d446053b7ab934ddb659a46f.jpg,2026-07-24,591387,3129,48581,16398,13709,576,1375,2026-07-25
116977343402276,379828466,小b阳子,闪光，你抓不住！,手机游戏,http://i0.hdslb.com/bfs/archive/6786b98312bafee27dfed13f7543990336f8c15a.jpg,2026-07-25,148341,218,14719,939,2230,325,380,2026-07-25
116968837350964,337521240,记录生活的蛋黄派,挑战全天打卡一线城市差评垫底门店，到底能离谱到什么程度？,美食测评,http://i2.hdslb.com/bfs/archive/0f20256bde9ed82c92b3df818bbac976d0f04066.jpg,2026-07-24,496838,2272,30340,5851,4420,220,353,2026-07-25
116972293457157,3546724748495813,超哥超车,中创新航电池“爆雷”！一条视频告诉你答案,汽车生活,http://i0.hdslb.com/bfs/archive/bc82cc5ca57ece870cb450e87689471753b055e7.jpg,2026-07-24,296896,1483,17420,4516,1898,2018,2928,2026-07-25
116975548238701,407045223,二次元的中科院物理所,我回答了菲尔兹奖得主的问题。,科学科普,http://i0.hdslb.com/bfs/archive/fab5f033a74c4d7b42309146fc615b7117cb9219.jpg,2026-07-24,300028,170,13194,818,3005,3811,1433,2026-07-25
116970917795637,170088482,炎辰大鸽子,史上最逆天躲猫猫,搞笑,http://i0.hdslb.com/bfs/archive/928ebd5ef50753927afe573b649c9cfaa4f87f29.jpg,2026-07-24,899791,622,27217,5769,5053,440,490,2026-07-25
116974189286983,3706972044003564,神兽护理院,沉浸式护理神秘青丘（爱臭美）神兽幼崽,搞笑,http://i2.hdslb.com/bfs/archive/d3fd58b29c1062758b0fe1fd33b86796e27983b6.jpg,2026-07-24,291129,540,24738,1003,3100,309,245,2026-07-25
116972947775120,472747194,巫师财经,【巫师】一字断魂刀，绞杀国家队，中国第一游资徐翔的资本博弈,财经商业,http://i2.hdslb.com/bfs/archive/cdaf6f5a695e590ddf3dfcffc91d9a13abf37370.jpg,2026-07-24,285203,1172,13434,6511,7318,3670,1227,2026-07-25
116960146759375,3546632782088950,花离海_世一芬,只是随心一绷罢了,汪星人,http://i0.hdslb.com/bfs/archive/841bba7fecf36a9cd0f19ea0a5b954c97c114575.jpg,2026-07-22,5623362,892,131362,5365,52932,3666,988,2026-07-25
116968183110964,694525758,Sunny__L__,带老北京人沉浸式体验乐园,搞笑,http://i1.hdslb.com/bfs/archive/1077d89e74f1450fb5c578f21fe40da5fa9c3b75.jpg,2026-07-23,1324549,429,102371,1458,15586,5643,1589,2026-07-25
116967998493877,8366990,-欣小萌-,穿越回100年前，看看苏联建筑到底有多超前！？,出行,http://i2.hdslb.com/bfs/archive/3d1422e82950c1691e915b9bedced3bdb5ad07f9.jpg,2026-07-23,1373587,1844,121251,16846,31481,5235,2008,2026-07-25
116956942440074,25050685,青浦模子,一条老奶奶,绘画,http://i1.hdslb.com/bfs/archive/74056c963e348b4549ea526265afcad4f3ca59c5.jpg,2026-07-21,6882724,3885,357495,7934,43778,15687,5774,2026-07-25
116961136609657,3546741475379844,摄影恩哥,评论区摄影大赛锐评与治愈系篇终于来了，博主这期比较狠，玻璃心慎重。,日常,http://i0.hdslb.com/bfs/archive/1d2ad9ddfb0147153eda462c8a69285dbc8252dc.jpg,2026-07-22,3581809,1144,182570,2194,15942,929,4388,2026-07-25
116968417920446,30139938,朱铁雄,天上无归客，人间有相思,小剧场,http://i1.hdslb.com/bfs/archive/e34cf2f69ec83a2675b7aebe05e53d2c6677352f.jpg,2026-07-23,799934,874,64833,10700,12830,791,782,2026-07-25
116962965456902,3706924730157731,阿鑫撸车屋,5800块购入的宝马七系实现了我的豪车梦！,汽车生活,http://i2.hdslb.com/bfs/archive/4390b8f844f63fc5e4783ff872a2ad99a3f052cd.jpg,2026-07-23,636191,2611,29652,562,2987,481,782,2026-07-25
116959408556687,471322521,铃乃Chan,《外 卖 逆 天 评 价》,同人·手书,http://i1.hdslb.com/bfs/archive/e97af91c66163ae57957a7eb1cb6fe58ac0c3c13.jpg,2026-07-22,4990073,386,294535,2836,25980,4160,2073,2026-07-25
116967847561692,14048220,马刀刻森,匹诺曹：自己人啊大哥！！！,同人·手书,http://i0.hdslb.com/bfs/archive/3a74a8f76a9278be8f90f0524622d6dd1e25134d.jpg,2026-07-23,1067191,994,48494,5930,5673,563,587,2026-07-25
116961170232438,25422790,红色激情,⚡这 就 叫 传 承⚡,鬼畜调教,http://i0.hdslb.com/bfs/archive/c7a45e839da6fe6ff6cc0b1d61275211b22dab49.jpg,2026-07-22,1118310,173,56357,857,5259,639,706,2026-07-25
116951623931656,5294454,逗比的雀巢,千万博主谈b站真相（完整版）,搞笑,http://i1.hdslb.com/bfs/archive/41e8a2ad078dcce72befa9a770db88e30fb31a8a.jpg,2026-07-20,5824792,8644,473509,94092,76114,16743,8835,2026-07-25
116967310630545,94727573,科学认识论,一口气看懂王虹、邓煜获菲尔兹奖：他们的研究究竟重要在哪？,科学科普,http://i1.hdslb.com/bfs/archive/e027faed6548c8e30e7ded76e42135c876e5c0b2.jpg,2026-07-23,776700,1153,42513,3496,10993,4161,3670,2026-07-25
116960398411022,3493260618106936,伤心欲茄222,《低山臭水遇知音》,搞笑,http://i2.hdslb.com/bfs/archive/a966eef6cd1df839a0a707ee1cc0821ddf29ee23.jpg,2026-07-22,4592198,1246,342883,5730,13672,3070,4146,2026-07-25
116940550968512,19286458,陈翔六点半,陈翔六点半：人人执着盘中利，错把浮云作锦途,小剧场,http://i1.hdslb.com/bfs/archive/39daf253bd45f763f8bafd2222d399b647505d7c.jpg,2026-07-18,3499095,761,109036,5378,11524,1890,942,2026-07-25
116967092523182,17495873,胡仔一人食,12个电饭锅的正确打开方式～,美食制作,http://i0.hdslb.com/bfs/archive/76059c6872f132ad9ac3ff017886a5b626819d34.jpg,2026-07-24,558093,248,32775,1086,13656,1556,285,2026-07-25
116949275117618,3706973778348324,-夏商周-,太热了太热了，今天40度，稍微一动就浑身是汗。真希望夏天能关门不上班…可惜不行呀，实力不允许。,日常,http://i2.hdslb.com/bfs/archive/08fd97e77a8b3245345d4f0c4fdd3b315f497150.jpg,2026-07-20,1117428,894,64607,1146,6782,429,689,2026-07-25
116967360956927,3537104485223314,小博博三角洲行动,巴克神有条龙在飞！,网络游戏,http://i1.hdslb.com/bfs/archive/ad0492a594721af76b9ee52843ffb70aa9f39885.jpg,2026-07-23,2642684,858,69276,1413,11525,683,737,2026-07-25
116969558769868,1368704923,子阳老学长,大学10大谣言,日常,http://i2.hdslb.com/bfs/archive/75321d6ca2b103a9c3c7be13e8f3b6ef2ab74729.jpg,2026-07-23,607736,298,73702,957,25055,1381,1454,2026-07-25
116974273173468,1590082082,马俐管家,越清越多，难度持续升级，崩溃值已达临界点,家居房产,http://i2.hdslb.com/bfs/archive/598136e8c1a9b6d5410c41ab1d3b886e049721ae.jpg,2026-07-24,258135,2923,23327,9157,6089,1576,1505,2026-07-25
116974659110932,286142707,挪威老王,我的挪威妻子怀二胎了！又是儿子！来看看挪威三个星期假期都干嘛吧！,出行,http://i0.hdslb.com/bfs/archive/17af5303f8a16718082809d6de16ceda86e7d4b7.jpg,2026-07-24,401999,233,24639,635,799,222,627,2026-07-25
116973518327873,6336952,老李船长,在现实中！真枪可以踢足球吗？UP主亲身测试！,出行,http://i2.hdslb.com/bfs/archive/37272395610fa568bff1d16de89dc85ccabe75d6.jpg,2026-07-24,818486,991,25793,1618,4664,253,529,2026-07-25
116951724594222,1661480563,颖杏遗传being,大狗嚼  这一口会很疯狂！,搞笑,http://i0.hdslb.com/bfs/archive/c2458a3d58e0992a655f2185b7f9058dff1a3392.jpg,2026-07-20,10342473,1199,738044,48095,257865,45740,9741,2026-07-25
116968854130922,3546856363658080,史海听风,沉浸式感受清朝御厨制作以假乱真的骨头【AI全民制作人】,AI影像,http://i2.hdslb.com/bfs/archive/597999e789d8fe3d59241629bc9d815372935b97.jpg,2026-07-23,1235107,1166,41474,885,4650,344,1210,2026-07-25
116973400756521,521974986,Unitree宇树科技,宇树 超凡健将As2-W,野生技能协会,http://i0.hdslb.com/bfs/archive/4b373ab9f8d09c0e52a803f1be1bb84c920d8f3b.jpg,2026-07-24,970594,1700,41756,1976,3639,5173,4749,2026-07-25
116974407455195,15716796,料理小鼠,等等，对兄弟的crush一见钟情是怎么回事啊！,日常,http://i2.hdslb.com/bfs/archive/4dc6b7940cc606ba8582da9764d26b7c446eef8d.jpg,2026-07-24,189506,132,34473,1643,6532,621,317,2026-07-25
116975414022306,547072854,中气爱,请提高警惕！台风红霞将快速登陆广东，小心爆发更要小心特大暴雨,科学科普,http://i0.hdslb.com/bfs/archive/ac17ff19a7e8a32593bf5e77ac668cc4e70716f8.jpg,2026-07-24,414348,1300,23143,947,1349,4379,3756,2026-07-25
116975531466425,1343321779,央视农业,重磅！一系法杂交水稻研究取得里程碑突破！！杂交水稻有望不用年年制种！【主播说三农】,三农,http://i0.hdslb.com/bfs/archive/707a08a5836eaed9e3dbce7a95b3360caa0171ab.jpg,2026-07-24,189690,982,30581,2516,2163,923,1213,2026-07-25
116974591936037,57704110,叶忍菌,刚出半天就有四段天才了？！！！,手机游戏,http://i1.hdslb.com/bfs/archive/69b04ae1058c0137eea71dbd623f819940af710f.jpg,2026-07-24,295019,511,31099,2783,2769,1136,621,2026-07-25
116957982498221,3690991668168798,无关茉莉星,人浪的传播速度是多少？,影视剪辑,http://i0.hdslb.com/bfs/archive/1236dcdd323ee07d7df4e9bbdef33c6dbd8c3543.jpg,2026-07-22,2507429,884,54874,5399,14095,1567,1055,2026-07-25
116940802689636,1984198637,西班牙陈挺,谁能想到呢，仅仅才过了一年,美食记录,http://i0.hdslb.com/bfs/archive/e6daa7dae71f1b837840a4c3305bbe323e00b82e.jpg,2026-07-24,352050,1722,40954,8096,2249,259,1168,2026-07-25
116970615735882,43873002,凡老贼,【改画】把Saber画成了云的质感？,绘画,http://i0.hdslb.com/bfs/archive/da11f75128408dafe27da70a7b25d79807f68b6f.jpg,2026-07-24,232149,161,25629,903,6725,322,147,2026-07-25
116972998101766,398058147,一个九天鸭,【4K典藏】千万别眨眼！2026世界杯30大进球,足球,http://i0.hdslb.com/bfs/archive/0685f99f92531706df92a457da480d59bc09b2a6.jpg,2026-07-24,283284,3543,7768,2432,5732,846,807,2026-07-25
116970498361352,730732,瓶子君152,黑长直？进气口？光头？二次元人物的发型有多重要！？【bilibili次元论战】,动漫杂谈,http://i1.hdslb.com/bfs/archive/ae8de0f12445b1fd3cb8bb96aa43f5def4309f1d.jpg,2026-07-24,578528,3607,60339,33934,15118,2934,3487,2026-07-25
116969256787449,485359169,邢三狗子,我最爱吃猪脚饭了！,搞笑,http://i1.hdslb.com/bfs/archive/aa178492acd7ed7cc2a34d4e450b1af398f5f328.jpg,2026-07-23,840703,323,50094,547,6944,356,405,2026-07-25
116963586088461,3546811782400683,遗忘之海,移动端今日公测 |《遗忘之海》“姐姐”海葬角色PV — 最后一舞,GMV,http://i0.hdslb.com/bfs/archive/a49707a6b2ca77c1b36b92b263811a65e691e867.jpg,2026-07-23,6632078,1180,129829,50711,50242,4327,2295,2026-07-25
116965951739878,3546587185809557,蜀犬吠日SCFR,在北极独自徒步30公里，我找到了传说中的“肥鱼湖”！,出行,http://i1.hdslb.com/bfs/archive/8659c187454b5d1a03686f0eefc5c0a382370b91.jpg,2026-07-24,233922,2750,16536,16028,3996,846,894,2026-07-25
116957294758463,3690997928167927,饼型地雷,妙脆角猫最危险的一天,预告·资讯,http://i1.hdslb.com/bfs/archive/533250e787c40f53fd607717d4e84b908989f43f.jpg,2026-07-21,1369355,830,154624,6260,41184,50400,4322,2026-07-25
116968518590012,516305899,灵霖七,当少林足球遇上功夫女足。弥补一下星爷没参演的遗憾（翻拍的都是宣传画面）,日常,http://i1.hdslb.com/bfs/archive/7caf8577b4383773a9b0087d25c871392ececd78.jpg,2026-07-23,757958,607,18386,5914,1841,766,1049,2026-07-25
116951959475979,4401694,林亦LYi,我用AI杀死了史上最难的跑步游戏,计算机技术,http://i0.hdslb.com/bfs/archive/a3370d0dc1d8c5c1582d62796c2cf02cb0ef1ded.jpg,2026-07-20,2538893,2597,81206,11606,17616,4274,2272,2026-07-25
116968652867214,30898527,汐汐不想睡大街,《败犬共鸣者太多了！》,综合,http://i1.hdslb.com/bfs/archive/9f0a0fc8a3b8dcd446c06cb6f95c5ab65f89f49e.jpg,2026-07-23,560160,649,102240,41098,27461,9964,1903,2026-07-25
116968149489615,190036080,流夜一动不动,推荐一个三个技能全是伤害的射手,电子竞技,http://i2.hdslb.com/bfs/archive/6813f7b8b83d70fea59e25be770bbbf2919ebcc2.jpg,2026-07-23,1204820,569,36177,648,1198,1026,938,2026-07-25
116967042324360,489763089,毕的二阶导,刚买的李子丢进水里，直接长出了一层透明壳？？,科学科普,http://i2.hdslb.com/bfs/archive/fb3f4fe6c39000ac5bc8f92732b0385903c1bca3.jpg,2026-07-23,2584666,1795,106590,6758,17408,1546,1782,2026-07-25
116973216205624,8894411,子文又饿了,美国黑人区最廉价盒饭店！只要5块钱！猪排炸鸡排骨离谱！,美食侦探,http://i2.hdslb.com/bfs/archive/6ed83328b74cb304ab616c9670aa56dd80d85381.jpg,2026-07-24,287050,1681,15040,2224,2212,434,645,2026-07-25
116961002396976,3493128698858291,火星课堂i,世界上五种特色调式音阶。#几何图形 #解压,科学科普,http://i0.hdslb.com/bfs/archive/ba8483261bfdf4b8c35fa2b4a052c7bae4ac0656.jpg,2026-07-22,3990936,22340,526070,43784,258330,29740,9264,2026-07-25
116968183107940,3546910992369780,董老弟-,吃不吃大挑战2,搞笑,http://i2.hdslb.com/bfs/archive/d604fab9f3230e3c8e87dc4702f76b7b0797ae2e.jpg,2026-07-23,1510338,687,33704,1025,4635,543,468,2026-07-25
116946724981067,490404737,滑铲师SQsir,全 网 最 幸 运 的 动 画 教 程   3.5,同人·手书,http://i2.hdslb.com/bfs/archive/ddf49aa8a1ef6234e25fcb910691debe189c9bf4.jpg,2026-07-19,2779343,1467,273620,29112,90807,5583,1660,2026-07-25
116968971632840,1767542,笨尼尼子,韩国首尔的街道上找异常，小心潜伏的鬼魂和伪人！,单机游戏,http://i2.hdslb.com/bfs/archive/9720032cb24eea960e572171f4a0754a1f9b852f.jpg,2026-07-24,333941,1661,27677,2130,10451,440,251,2026-07-25
116968317259948,1907674795,绝美癫公死蟑螂,"【Part 3】""微波炉到货了!"",""你买了个核弹回来?""—— 一大堆歌姬的奇妙历险8【术力口两句话小剧场】",VOCALOID·UTAU,http://i1.hdslb.com/bfs/archive/edb16e1301a02c0cc2bde9602b6e88bc733e318a.jpg,2026-07-23,554763,2879,105966,7442,34819,8640,2407,2026-07-25
116973652478817,19071708,潮汕好男人,⚡经 典 广 告 摇 一 摇⚡,人力VOCALOID,http://i2.hdslb.com/bfs/archive/2b7568efb9b01dff3e9f99b24ff8a920bf798998.jpg,2026-07-24,232862,500,32990,2848,8351,3412,1159,2026-07-25
116970481588127,268941858,磊哥游戏,吓哭了，神装看到了也得跑【更好的MC】,单机游戏,http://i0.hdslb.com/bfs/archive/4ea535157978a0ab080164d8e95021484f314206.jpg,2026-07-24,774470,1251,65221,5577,4091,612,1734,2026-07-25
116964374612957,125526,-LKs-,100天亏掉40%？理财大赛S2结果公布！,短片,http://i1.hdslb.com/bfs/archive/038f1150bc58568654bd201a14b824bcc5fb643c.jpg,2026-07-23,1487847,10233,80309,35745,13772,16215,5565,2026-07-25
116967461816169,14556547,蔡武年,同时让10000入侵物种，进行大混战，最终能否决出入侵之王？！,小宠异宠,http://i1.hdslb.com/bfs/archive/be0a67859b61a505e5ad4911edfa224e8ee098f7.jpg,2026-07-24,659172,698,25148,5929,13366,235,795,2026-07-25
116968820574746,3461573133732544,百火哥斯拉,迪迦与诺亚（8）,特摄,http://i0.hdslb.com/bfs/archive/c90fc1f46da81f867afa39bc7664d3dc07e936f6.jpg,2026-07-23,1037492,9107,86291,20294,16337,2418,5021,2026-07-25
116967344309546,1810327105,Eurus-破车北伐,假如…同桌是萌妹,日常,http://i2.hdslb.com/bfs/archive/36c0f2024b445067b29dc6486ca5a2ddc40a7640.jpg,2026-07-23,2691868,1423,223527,3247,29654,4849,2975,2026-07-25
116958418700878,23645336,我在长坂坡带飞赵子龙,辅助追着打野杀哈哈哈,手机游戏,http://i2.hdslb.com/bfs/archive/3a6e2756546915f62e7956ff581c2f74ba370e2d.jpg,2026-07-21,1410590,321,37385,2639,938,305,589,2026-07-25
116974055131272,1691347,大橙橙橙子,我的世界：但所有区块都需要付费？！,单机游戏,http://i2.hdslb.com/bfs/archive/9752c9b575ad04aad4cc82d889a274e228ade2e1.jpg,2026-07-25,118406,1361,15819,4386,3049,94,781,2026-07-25
116974055194669,13167438,呵纹Hevon,姬子：我活到骰了？,同人·手书,http://i0.hdslb.com/bfs/archive/67ea264e205243510f3ce18e6938adbb956a937a.jpg,2026-07-24,326803,882,42134,2269,4753,598,502,2026-07-25
116968887682521,21713829,星辉绿野,假如你生活在十万人的宿舍【AI全民制作人】,综合,http://i0.hdslb.com/bfs/archive/02214945c0a9fc50cbab1bcd4f652c82c0bee386.jpg,2026-07-23,1309403,1135,89719,2852,9215,952,1672,2026-07-25
116973971183328,399339306,禹汁波の纱世里,⚡侠隐水门不会玩? 开局霸体螺旋丸!⚡,日常,http://i1.hdslb.com/bfs/archive/53e12161f7a3682d69c264138fc9d05647a8769f.jpg,2026-07-24,420310,281,23213,623,2314,761,783,2026-07-25
116962210357099,31578954,街健呆木头,给“腰”加亿点难度,健身,http://i2.hdslb.com/bfs/archive/39f0e6d3e720f7f2224f47a176c8b67c0be7c397.jpg,2026-07-22,2062032,447,61994,1542,1524,474,1614,2026-07-25
116975397244944,6185598,累渠_,超级变变变,日常,http://i0.hdslb.com/bfs/archive/a50a075e323dae705e690fae740543296e380552.jpg,2026-07-24,311625,236,37570,1084,1741,1056,456,2026-07-25
116968686362329,1477074,菌儿rikushi,漫 展 寻 亲 记,日常,http://i0.hdslb.com/bfs/archive/b70b758c03c1baa6d1bd70453cbad297e3d5464d.jpg,2026-07-23,655535,305,62309,22119,22787,2648,236,2026-07-25
116973870516841,145750219,电影冷知识,电影设定的抽象解读方式，诺兰用黑人演大美女海伦简直妙到家了！,影视杂谈,http://i0.hdslb.com/bfs/archive/73b54da26fd9bcc0fa49ffef59ad8c41129b38a7.jpg,2026-07-24,373956,849,31152,697,2911,479,802,2026-07-25
116972780001093,3546875066059052,高司令-速凌电竞,【速凌宇宙2.0】大合集！本视频时长2小时一分零48秒，包含1.0全程前情回顾！,单机游戏,http://i2.hdslb.com/bfs/archive/a6116ab3c2eb43b929ea841b2f55a049305f6ddd.jpg,2026-07-24,317287,5278,53651,7574,60198,762,754,2026-07-25
116973014946299,354077280,1818黄金眼,【1818黄金眼】姑娘在驾校门口大哭 起因是2980元“全包学车”,社会,http://i0.hdslb.com/bfs/archive/f51f3c66ee42dfbc195907ee8df63af560c7239f.jpg,2026-07-24,321829,2652,6563,711,1075,793,4741,2026-07-25
116963888138107,3546902050114131,来瓶杨乐多,侦探先生！能不能不要再胡闹了！！！,日常,http://i1.hdslb.com/bfs/archive/9d7418843117c9fa0ee55cec2ff0d625201797c0.jpg,2026-07-22,1258685,273,90552,1024,8250,715,1139,2026-07-25
116959039461231,1594681367,铁铁铁柱_,暑期档最大的笑话出现了，从导演到演员都很好笑，强势吐槽《这一秒过火》【铁柱】,影视杂谈,http://i0.hdslb.com/bfs/archive/c3c25f95ac9ce2fdaa8d5477dd9931c8e3a178bc.jpg,2026-07-21,3316250,17563,74473,10486,10441,15258,6954,2026-07-25
116968552335351,373388923,脱缰凯Kk,一起学英文,小剧场,http://i1.hdslb.com/bfs/archive/fee52fe0dd58a7a51ac5bbd5acd7454863818c4f.jpg,2026-07-23,1398275,3064,111249,3195,10729,937,1341,2026-07-25
116963619635236,395971149,栋子子子,⚡赤石科技！⚡牢大复活机,单机游戏,http://i0.hdslb.com/bfs/archive/2d327d996580cbaaaa1e1666293ff5180f5ddd2e.jpg,2026-07-22,1322997,182,106016,5455,87067,11373,1120,2026-07-25
116961740594677,3707037160572992,小UuzZ,在吃寿司～,日常,http://i1.hdslb.com/bfs/archive/e22ac52813cae78312d5201f444766e34c5e58db.jpg,2026-07-22,1209367,311,195613,6128,40220,3977,3427,2026-07-25
116964492120107,268941858,磊哥游戏,啊哈哈哈，我终于也是回归玩家了,单机游戏,http://i2.hdslb.com/bfs/archive/0f16a543139930c23229b8327f66eb13b87e7a96.jpg,2026-07-23,2183664,1810,171745,14035,7849,5501,5217,2026-07-25
116973451089084,2108856,流萤Zz,雀巢：鲸尾…你终于现出原形了？！！【二次元爆改】,仿妆cos,http://i2.hdslb.com/bfs/archive/e325970efc08905938f91c57f74aca247fd8098c.jpg,2026-07-24,266841,772,22525,1848,4224,2322,433,2026-07-25
116957378513256,483311105,先看评测,真业主怎么选？200 平大平层中央空调实测,数码,http://i2.hdslb.com/bfs/archive/b47e5627cd93e2aade4723a6eacea9ef1b270929.jpg,2026-07-21,933022,341,48710,3591,6917,288,761,2026-07-25
116961925207965,24961799,金咸鱼,⚡刷到这个我真是活到骰了⚡,手机游戏,http://i0.hdslb.com/bfs/archive/109311fc8db5691f0fae61afff0a64fb250a259e.jpg,2026-07-22,1447499,4037,173806,34241,45690,58293,11068,2026-07-25
116968334037326,53737196,食事史馆,舔奶酪 吃胶水 喝魔药——论美国餐桌上 最精彩的失败发明,人文历史,http://i2.hdslb.com/bfs/archive/fdb3269724e04ba3e6822a7603714aacea93f090.jpg,2026-07-24,372384,453,18349,1150,5267,220,338,2026-07-25
116972981323590,3706965215677411,贝利亚打洲,三角洲三选一挑战赛 选手装备：泰坦头 少爷甲 m14 选手能不能拿下15杀呢？,电子竞技,http://i1.hdslb.com/bfs/archive/3e98696413fd7c7b0099f2c9e1a6f1bea75ff116.jpg,2026-07-24,547520,491,22330,4218,17496,24,216,2026-07-25
116962260682868,1834271846,陈君un,《绷物大战绷尸》,日常,http://i0.hdslb.com/bfs/archive/ab70bd6dea64673a76206184700774f02ee3950e.jpg,2026-07-22,2621575,4850,157111,9234,46059,12054,5934,2026-07-25
116959458953824,179264824,音乐老友,这才是《鬼新娘》原版MV，开心南瓜开心南瓜！,MV,http://i2.hdslb.com/bfs/archive/0590998fcdb2712630d67e46506def6f4f98976c.jpg,2026-07-21,3530810,6922,187190,11562,143477,14405,7370,2026-07-25
116973333647601,374585989,乐崽-中辅,王者版桃花源记,GMV,http://i0.hdslb.com/bfs/archive/eba64effa00767af2d7b29944f4208ffd781a568.jpg,2026-07-24,110842,142,10372,977,2166,1540,307,2026-07-25
116968652939024,53228897,游戏解说艾登,小心伪牛！,单机游戏,http://i2.hdslb.com/bfs/archive/d5637df1b19ae1ca72d0df66bde0798f2ba7d776.jpg,2026-07-23,3489322,673,34802,1193,41374,114,182,2026-07-25
116961522551203,140415743,浪迹天涯的小光,🐔回 归 鸡 本 功⚡,人力VOCALOID,http://i2.hdslb.com/bfs/archive/78c28121dc4c0fa0bdc2b0b34a496b66a49fed10.jpg,2026-07-22,2416706,698,114147,16445,17799,13199,3444,2026-07-25
116974642270563,134980,无残弹的钢坦克,【起飞吧!飞姬们！】第一集,同人·手书,http://i1.hdslb.com/bfs/archive/a860f424bd03778817fd67d4aad0c4fa2b851c38.jpg,2026-07-24,131398,385,15982,6617,5997,1284,943,2026-07-25
116975531723750,357261525,安迪视频,我挖出好几个藏得很深的梗！这集还挺有噱头的……（瑞克和莫蒂·第九季第九集彩蛋）,动漫杂谈,http://i0.hdslb.com/bfs/archive/7ab4a1e2004ff4bdc76c9cdf5d5d6b5cf984a197.jpg,2026-07-24,267353,456,14264,1459,1660,171,429,2026-07-25
116968887688867,249733858,橙岚ck,桑多涅睡不着，哥伦比娅来帮忙！,日常,http://i1.hdslb.com/bfs/archive/cfc8a87d5f69cb9a3636ec87a120f40822aa9d18.jpg,2026-07-23,465923,96,43804,1106,13232,999,350,2026-07-25
116969005193103,3493108557809994,空山猎人,白粉、杠杆与镰刀：韩国黄金时代的47天,财经商业,http://i0.hdslb.com/bfs/archive/ca7c81126415a0fc06b6ecf64b83d4a888c85acb.jpg,2026-07-23,478512,1950,25081,9064,10416,2116,1719,2026-07-25
116972998101794,3353026,鹤吱菌,爷爷最爱的电视节目……,搞笑,http://i2.hdslb.com/bfs/archive/292e03b692339631c17e57df10596450a176621a.jpg,2026-07-24,593726,359,18475,3594,3875,347,418,2026-07-25
116968300486358,491780876,大大波杰克,猫中超兽布偶猫 史上最强基米诞生,搞笑,http://i1.hdslb.com/bfs/archive/0f64c280910b57c81014dd97b0d065d0796367ea.jpg,2026-07-24,227952,193,16576,630,2737,1001,570,2026-07-25
116972930991416,14649017,有人品没节操,如果DIO是大乔后妈,综合,http://i2.hdslb.com/bfs/archive/a93032470d2825ae9e023856001ddeab6b27c18b.jpg,2026-07-24,407880,1553,45172,802,9149,11630,2715,2026-07-25
116967042256903,3493085782739496,SMTOWN,aespa《KISS N TELL》MV,MV,http://i1.hdslb.com/bfs/archive/984551300bd705d8c0aab065837301fe8a8a1d53.jpg,2026-07-23,600230,41865,42274,14858,12190,8754,4538,2026-07-25
