热搜排名,热搜标题,标签,是否置顶,链接地址,热度类型
1,广东多地宣布：停止一切线下培训,热,否,https://m.baidu.com/s?word=%E5%B9%BF%E4%B8%9C%E5%A4%9A%E5%9C%B0%E5%AE%A3%E5%B8%83%EF%BC%9A%E5%81%9C%E6%AD%A2%E4%B8%80%E5%88%87%E7%BA%BF%E4%B8%8B%E5%9F%B9%E8%AE%AD&sa=fyb_news,HOT
2,詹姆斯加盟76人,新,否,https://m.baidu.com/s?word=%E8%A9%B9%E5%A7%86%E6%96%AF%E5%8A%A0%E7%9B%9F76%E4%BA%BA&sa=fyb_news,NEW
3,解码中国经济半年报,,否,https://m.baidu.com/s?word=%E8%A7%A3%E7%A0%81%E4%B8%AD%E5%9B%BD%E7%BB%8F%E6%B5%8E%E5%8D%8A%E5%B9%B4%E6%8A%A5&sa=fyb_news,NORMAL
4,美国被曝考虑对第8国动武,热,否,https://m.baidu.com/s?word=%E7%BE%8E%E5%9B%BD%E8%A2%AB%E6%9B%9D%E8%80%83%E8%99%91%E5%AF%B9%E7%AC%AC8%E5%9B%BD%E5%8A%A8%E6%AD%A6&sa=fyb_news,HOT
5,证监会原副主席方星海被查,热,否,https://m.baidu.com/s?word=%E8%AF%81%E7%9B%91%E4%BC%9A%E5%8E%9F%E5%89%AF%E4%B8%BB%E5%B8%AD%E6%96%B9%E6%98%9F%E6%B5%B7%E8%A2%AB%E6%9F%A5&sa=fyb_news,HOT
6,全球第一个 老挝彻底禁售燃油新车,热,否,https://m.baidu.com/s?word=%E5%85%A8%E7%90%83%E7%AC%AC%E4%B8%80%E4%B8%AA+%E8%80%81%E6%8C%9D%E5%BD%BB%E5%BA%95%E7%A6%81%E5%94%AE%E7%87%83%E6%B2%B9%E6%96%B0%E8%BD%A6&sa=fyb_news,HOT
7,重庆山体崩塌现场新搜寻出3名遇难者,,否,https://m.baidu.com/s?word=%E9%87%8D%E5%BA%86%E5%B1%B1%E4%BD%93%E5%B4%A9%E5%A1%8C%E7%8E%B0%E5%9C%BA%E6%96%B0%E6%90%9C%E5%AF%BB%E5%87%BA3%E5%90%8D%E9%81%87%E9%9A%BE%E8%80%85&sa=fyb_news,NORMAL
8,男子潜逃30多年后回老家：怕客死异乡,,否,https://m.baidu.com/s?word=%E7%94%B7%E5%AD%90%E6%BD%9C%E9%80%8330%E5%A4%9A%E5%B9%B4%E5%90%8E%E5%9B%9E%E8%80%81%E5%AE%B6%EF%BC%9A%E6%80%95%E5%AE%A2%E6%AD%BB%E5%BC%82%E4%B9%A1&sa=fyb_news,NORMAL
9,亚足联为何反对世界杯扩军至64队,,否,https://m.baidu.com/s?word=%E4%BA%9A%E8%B6%B3%E8%81%94%E4%B8%BA%E4%BD%95%E5%8F%8D%E5%AF%B9%E4%B8%96%E7%95%8C%E6%9D%AF%E6%89%A9%E5%86%9B%E8%87%B364%E9%98%9F&sa=fyb_news,NORMAL
10,俄罗斯奶牛猫运毒被抓只能喵喵喵,,否,https://m.baidu.com/s?word=%E4%BF%84%E7%BD%97%E6%96%AF%E5%A5%B6%E7%89%9B%E7%8C%AB%E8%BF%90%E6%AF%92%E8%A2%AB%E6%8A%93%E5%8F%AA%E8%83%BD%E5%96%B5%E5%96%B5%E5%96%B5&sa=fyb_news,NORMAL
11,“广西百色遭遇严重洪灾”系谣言,,否,https://m.baidu.com/s?word=%E2%80%9C%E5%B9%BF%E8%A5%BF%E7%99%BE%E8%89%B2%E9%81%AD%E9%81%87%E4%B8%A5%E9%87%8D%E6%B4%AA%E7%81%BE%E2%80%9D%E7%B3%BB%E8%B0%A3%E8%A8%80&sa=fyb_news,NORMAL
12,王兴兴登《时代》封面,,否,https://m.baidu.com/s?word=%E7%8E%8B%E5%85%B4%E5%85%B4%E7%99%BB%E3%80%8A%E6%97%B6%E4%BB%A3%E3%80%8B%E5%B0%81%E9%9D%A2&sa=fyb_news,NORMAL
13,男子为还百万欠款每天跑16小时外卖,,否,https://m.baidu.com/s?word=%E7%94%B7%E5%AD%90%E4%B8%BA%E8%BF%98%E7%99%BE%E4%B8%87%E6%AC%A0%E6%AC%BE%E6%AF%8F%E5%A4%A9%E8%B7%9116%E5%B0%8F%E6%97%B6%E5%A4%96%E5%8D%96&sa=fyb_news,NORMAL
14,A股史上最大股票回购方案,,否,https://m.baidu.com/s?word=A%E8%82%A1%E5%8F%B2%E4%B8%8A%E6%9C%80%E5%A4%A7%E8%82%A1%E7%A5%A8%E5%9B%9E%E8%B4%AD%E6%96%B9%E6%A1%88&sa=fyb_news,NORMAL
15,詹姆斯年薪仅400万,,否,https://m.baidu.com/s?word=%E8%A9%B9%E5%A7%86%E6%96%AF%E5%B9%B4%E8%96%AA%E4%BB%85400%E4%B8%87&sa=fyb_news,NORMAL
16,《歌手》第10期排名：窦靖童第一,新,否,https://m.baidu.com/s?word=%E3%80%8A%E6%AD%8C%E6%89%8B%E3%80%8B%E7%AC%AC10%E6%9C%9F%E6%8E%92%E5%90%8D%EF%BC%9A%E7%AA%A6%E9%9D%96%E7%AB%A5%E7%AC%AC%E4%B8%80&sa=fyb_news,NEW
17,俄罗斯再成中国汽车最大买家,,否,https://m.baidu.com/s?word=%E4%BF%84%E7%BD%97%E6%96%AF%E5%86%8D%E6%88%90%E4%B8%AD%E5%9B%BD%E6%B1%BD%E8%BD%A6%E6%9C%80%E5%A4%A7%E4%B9%B0%E5%AE%B6&sa=fyb_news,NORMAL
18,月之暗面的杨植麟到底是谁,,否,https://m.baidu.com/s?word=%E6%9C%88%E4%B9%8B%E6%9A%97%E9%9D%A2%E7%9A%84%E6%9D%A8%E6%A4%8D%E9%BA%9F%E5%88%B0%E5%BA%95%E6%98%AF%E8%B0%81&sa=fyb_news,NORMAL
19,女孩卖4克头发换12元买奶茶,,否,https://m.baidu.com/s?word=%E5%A5%B3%E5%AD%A9%E5%8D%964%E5%85%8B%E5%A4%B4%E5%8F%91%E6%8D%A212%E5%85%83%E4%B9%B0%E5%A5%B6%E8%8C%B6&sa=fyb_news,NORMAL
20,13岁女孩体重超220斤确诊多囊,,否,https://m.baidu.com/s?word=13%E5%B2%81%E5%A5%B3%E5%AD%A9%E4%BD%93%E9%87%8D%E8%B6%85220%E6%96%A4%E7%A1%AE%E8%AF%8A%E5%A4%9A%E5%9B%8A&sa=fyb_news,NORMAL
21,周星驰叫迪丽热巴“巴爷”,,否,https://m.baidu.com/s?word=%E5%91%A8%E6%98%9F%E9%A9%B0%E5%8F%AB%E8%BF%AA%E4%B8%BD%E7%83%AD%E5%B7%B4%E2%80%9C%E5%B7%B4%E7%88%B7%E2%80%9D&sa=fyb_news,NORMAL
22,方某军因操纵证券市场被罚没1.75亿,,否,https://m.baidu.com/s?word=%E6%96%B9%E6%9F%90%E5%86%9B%E5%9B%A0%E6%93%8D%E7%BA%B5%E8%AF%81%E5%88%B8%E5%B8%82%E5%9C%BA%E8%A2%AB%E7%BD%9A%E6%B2%A11.75%E4%BA%BF&sa=fyb_news,NORMAL
23,长鑫科技一签能赚多少,新,否,https://m.baidu.com/s?word=%E9%95%BF%E9%91%AB%E7%A7%91%E6%8A%80%E4%B8%80%E7%AD%BE%E8%83%BD%E8%B5%9A%E5%A4%9A%E5%B0%91&sa=fyb_news,NEW
24,野猴坐工地狂喝饮料 工人一脸无奈,,否,https://m.baidu.com/s?word=%E9%87%8E%E7%8C%B4%E5%9D%90%E5%B7%A5%E5%9C%B0%E7%8B%82%E5%96%9D%E9%A5%AE%E6%96%99+%E5%B7%A5%E4%BA%BA%E4%B8%80%E8%84%B8%E6%97%A0%E5%A5%88&sa=fyb_news,NORMAL
25,北大博雅塔为王虹邓煜亮灯,新,否,https://m.baidu.com/s?word=%E5%8C%97%E5%A4%A7%E5%8D%9A%E9%9B%85%E5%A1%94%E4%B8%BA%E7%8E%8B%E8%99%B9%E9%82%93%E7%85%9C%E4%BA%AE%E7%81%AF&sa=fyb_news,NEW
26,菲律宾一边逃窜一边喊糟糕,新,否,https://m.baidu.com/s?word=%E8%8F%B2%E5%BE%8B%E5%AE%BE%E4%B8%80%E8%BE%B9%E9%80%83%E7%AA%9C%E4%B8%80%E8%BE%B9%E5%96%8A%E7%B3%9F%E7%B3%95&sa=fyb_news,NEW
27,王小洪会见美国联邦调查局局长,,否,https://m.baidu.com/s?word=%E7%8E%8B%E5%B0%8F%E6%B4%AA%E4%BC%9A%E8%A7%81%E7%BE%8E%E5%9B%BD%E8%81%94%E9%82%A6%E8%B0%83%E6%9F%A5%E5%B1%80%E5%B1%80%E9%95%BF&sa=fyb_news,NORMAL
28,长鑫科技会成为下一个“中石油”吗,,否,https://m.baidu.com/s?word=%E9%95%BF%E9%91%AB%E7%A7%91%E6%8A%80%E4%BC%9A%E6%88%90%E4%B8%BA%E4%B8%8B%E4%B8%80%E4%B8%AA%E2%80%9C%E4%B8%AD%E7%9F%B3%E6%B2%B9%E2%80%9D%E5%90%97&sa=fyb_news,NORMAL
29,被约谈并遭公开批评 春秋航空致歉,,否,https://m.baidu.com/s?word=%E8%A2%AB%E7%BA%A6%E8%B0%88%E5%B9%B6%E9%81%AD%E5%85%AC%E5%BC%80%E6%89%B9%E8%AF%84+%E6%98%A5%E7%A7%8B%E8%88%AA%E7%A9%BA%E8%87%B4%E6%AD%89&sa=fyb_news,NORMAL
30,儿子被拐 母亲以泪洗面近32年后团聚,,否,https://m.baidu.com/s?word=%E5%84%BF%E5%AD%90%E8%A2%AB%E6%8B%90+%E6%AF%8D%E4%BA%B2%E4%BB%A5%E6%B3%AA%E6%B4%97%E9%9D%A2%E8%BF%9132%E5%B9%B4%E5%90%8E%E5%9B%A2%E8%81%9A&sa=fyb_news,NORMAL
31,中南大学回应一硕士论文13页雷同,,否,https://m.baidu.com/s?word=%E4%B8%AD%E5%8D%97%E5%A4%A7%E5%AD%A6%E5%9B%9E%E5%BA%94%E4%B8%80%E7%A1%95%E5%A3%AB%E8%AE%BA%E6%96%8713%E9%A1%B5%E9%9B%B7%E5%90%8C&sa=fyb_news,NORMAL
32,大厂挤爆AI宠物赛道,,否,https://m.baidu.com/s?word=%E5%A4%A7%E5%8E%82%E6%8C%A4%E7%88%86AI%E5%AE%A0%E7%89%A9%E8%B5%9B%E9%81%93&sa=fyb_news,NORMAL
33,窦靖童抓到王菲神韵了,,否,https://m.baidu.com/s?word=%E7%AA%A6%E9%9D%96%E7%AB%A5%E6%8A%93%E5%88%B0%E7%8E%8B%E8%8F%B2%E7%A5%9E%E9%9F%B5%E4%BA%86&sa=fyb_news,NORMAL
34,中国男篮34分大胜喀麦隆,,否,https://m.baidu.com/s?word=%E4%B8%AD%E5%9B%BD%E7%94%B7%E7%AF%AE34%E5%88%86%E5%A4%A7%E8%83%9C%E5%96%80%E9%BA%A6%E9%9A%86&sa=fyb_news,NORMAL
35,张远挑战凡希亚失败,,否,https://m.baidu.com/s?word=%E5%BC%A0%E8%BF%9C%E6%8C%91%E6%88%98%E5%87%A1%E5%B8%8C%E4%BA%9A%E5%A4%B1%E8%B4%A5&sa=fyb_news,NORMAL
36,山东魏桥8比3中超电缆,,否,https://m.baidu.com/s?word=%E5%B1%B1%E4%B8%9C%E9%AD%8F%E6%A1%A58%E6%AF%943%E4%B8%AD%E8%B6%85%E7%94%B5%E7%BC%86&sa=fyb_news,NORMAL
37,大学生返乡摆摊 陌生阿姨送来热面,,否,https://m.baidu.com/s?word=%E5%A4%A7%E5%AD%A6%E7%94%9F%E8%BF%94%E4%B9%A1%E6%91%86%E6%91%8A+%E9%99%8C%E7%94%9F%E9%98%BF%E5%A7%A8%E9%80%81%E6%9D%A5%E7%83%AD%E9%9D%A2&sa=fyb_news,NORMAL
38,农学生的“毕业论文”又被偷了,,否,https://m.baidu.com/s?word=%E5%86%9C%E5%AD%A6%E7%94%9F%E7%9A%84%E2%80%9C%E6%AF%95%E4%B8%9A%E8%AE%BA%E6%96%87%E2%80%9D%E5%8F%88%E8%A2%AB%E5%81%B7%E4%BA%86&sa=fyb_news,NORMAL
39,台风红霞或以巅峰强度登陆广东,热,否,https://m.baidu.com/s?word=%E5%8F%B0%E9%A3%8E%E7%BA%A2%E9%9C%9E%E6%88%96%E4%BB%A5%E5%B7%85%E5%B3%B0%E5%BC%BA%E5%BA%A6%E7%99%BB%E9%99%86%E5%B9%BF%E4%B8%9C&sa=fyb_news,HOT
40,林诗栋1比2不敌李天阳,,否,https://m.baidu.com/s?word=%E6%9E%97%E8%AF%97%E6%A0%8B1%E6%AF%942%E4%B8%8D%E6%95%8C%E6%9D%8E%E5%A4%A9%E9%98%B3&sa=fyb_news,NORMAL
41,23.8元咖喱饭被反向抹零收24元,,否,https://m.baidu.com/s?word=23.8%E5%85%83%E5%92%96%E5%96%B1%E9%A5%AD%E8%A2%AB%E5%8F%8D%E5%90%91%E6%8A%B9%E9%9B%B6%E6%94%B624%E5%85%83&sa=fyb_news,NORMAL
42,官方回应贵州大方再曝溶洞污染事件,,否,https://m.baidu.com/s?word=%E5%AE%98%E6%96%B9%E5%9B%9E%E5%BA%94%E8%B4%B5%E5%B7%9E%E5%A4%A7%E6%96%B9%E5%86%8D%E6%9B%9D%E6%BA%B6%E6%B4%9E%E6%B1%A1%E6%9F%93%E4%BA%8B%E4%BB%B6&sa=fyb_news,NORMAL
43,《歌手》串讲苏醒张远抢麦,,否,https://m.baidu.com/s?word=%E3%80%8A%E6%AD%8C%E6%89%8B%E3%80%8B%E4%B8%B2%E8%AE%B2%E8%8B%8F%E9%86%92%E5%BC%A0%E8%BF%9C%E6%8A%A2%E9%BA%A6&sa=fyb_news,NORMAL
44,佛得角门将说我们向世界证明了自己,,否,https://m.baidu.com/s?word=%E4%BD%9B%E5%BE%97%E8%A7%92%E9%97%A8%E5%B0%86%E8%AF%B4%E6%88%91%E4%BB%AC%E5%90%91%E4%B8%96%E7%95%8C%E8%AF%81%E6%98%8E%E4%BA%86%E8%87%AA%E5%B7%B1&sa=fyb_news,NORMAL
45,佩德里游天坛熟练抖空竹,,否,https://m.baidu.com/s?word=%E4%BD%A9%E5%BE%B7%E9%87%8C%E6%B8%B8%E5%A4%A9%E5%9D%9B%E7%86%9F%E7%BB%83%E6%8A%96%E7%A9%BA%E7%AB%B9&sa=fyb_news,NORMAL
46,暑期档剧集开分 《这一秒过火》垫底,,否,https://m.baidu.com/s?word=%E6%9A%91%E6%9C%9F%E6%A1%A3%E5%89%A7%E9%9B%86%E5%BC%80%E5%88%86+%E3%80%8A%E8%BF%99%E4%B8%80%E7%A7%92%E8%BF%87%E7%81%AB%E3%80%8B%E5%9E%AB%E5%BA%95&sa=fyb_news,NORMAL
47,6G何时普及？院士：2030年大规模商用,,否,https://m.baidu.com/s?word=6G%E4%BD%95%E6%97%B6%E6%99%AE%E5%8F%8A%EF%BC%9F%E9%99%A2%E5%A3%AB%EF%BC%9A2030%E5%B9%B4%E5%A4%A7%E8%A7%84%E6%A8%A1%E5%95%86%E7%94%A8&sa=fyb_news,NORMAL
48,东航发布受台风红霞影响客票处理通告,,否,https://m.baidu.com/s?word=%E4%B8%9C%E8%88%AA%E5%8F%91%E5%B8%83%E5%8F%97%E5%8F%B0%E9%A3%8E%E7%BA%A2%E9%9C%9E%E5%BD%B1%E5%93%8D%E5%AE%A2%E7%A5%A8%E5%A4%84%E7%90%86%E9%80%9A%E5%91%8A&sa=fyb_news,NORMAL
49,美股纳指低开0.1% 英特尔小幅高开,,否,https://m.baidu.com/s?word=%E7%BE%8E%E8%82%A1%E7%BA%B3%E6%8C%87%E4%BD%8E%E5%BC%800.1%25+%E8%8B%B1%E7%89%B9%E5%B0%94%E5%B0%8F%E5%B9%85%E9%AB%98%E5%BC%80&sa=fyb_news,NORMAL
50,离岸信托个税事项明确,,否,https://m.baidu.com/s?word=%E7%A6%BB%E5%B2%B8%E4%BF%A1%E6%89%98%E4%B8%AA%E7%A8%8E%E4%BA%8B%E9%A1%B9%E6%98%8E%E7%A1%AE&sa=fyb_news,NORMAL
0,一方感恩碑 廿载育人心,,是,https://m.baidu.com/s?word=%E4%B8%80%E6%96%B9%E6%84%9F%E6%81%A9%E7%A2%91+%E5%BB%BF%E8%BD%BD%E8%82%B2%E4%BA%BA%E5%BF%83&sa=fyb_news,NORMAL
