排名,标题,链接,热点
1,DeepSeek一天消耗了8万亿,https://s.weibo.com/weibo?q=%23%E4%BA%BA%E6%B0%91%E5%86%9B%E9%98%9F%E5%88%B6%E8%83%9C%E5%90%91%E5%BC%BA%23&Refer=new_time, 1792983
2,孙颖莎回应缺席发布仪式,https://s.weibo.com/weibo?q=DeepSeek%E4%B8%80%E5%A4%A9%E6%B6%88%E8%80%97%E4%BA%868%E4%B8%87%E4%BA%BF&t=31&band_rank=1&Refer=top, 1081384
3,21.54亿元支持防灾救灾,https://s.weibo.com/weibo?q=%23%E5%AD%99%E9%A2%96%E8%8E%8E%E5%9B%9E%E5%BA%94%E7%BC%BA%E5%B8%AD%E5%8F%91%E5%B8%83%E4%BB%AA%E5%BC%8F%23&t=31&band_rank=2&Refer=top, 741530
4,丁程鑫手流血,https://s.weibo.com/weibo?q=%2321.54%E4%BA%BF%E5%85%83%E6%94%AF%E6%8C%81%E9%98%B2%E7%81%BE%E6%95%91%E7%81%BE%23&t=31&band_rank=3&Refer=top,综艺 712627
5,低精力可以去医院查有没有疾病,https://s.weibo.com/weibo?q=%E4%B8%81%E7%A8%8B%E9%91%AB%E6%89%8B%E6%B5%81%E8%A1%80&t=31&band_rank=4&Refer=top, 697222
6,女子阻止男友吸烟起冲突将其捅死,https://s.weibo.com/weibo?q=%E4%BD%8E%E7%B2%BE%E5%8A%9B%E5%8F%AF%E4%BB%A5%E5%8E%BB%E5%8C%BB%E9%99%A2%E6%9F%A5%E6%9C%89%E6%B2%A1%E6%9C%89%E7%96%BE%E7%97%85&t=31&band_rank=5&Refer=top, 687443
7,飞猪把千岛湖变成汪顺的主场了,https://s.weibo.com/weibo?q=%23%E5%A5%B3%E5%AD%90%E9%98%BB%E6%AD%A2%E7%94%B7%E5%8F%8B%E5%90%B8%E7%83%9F%E8%B5%B7%E5%86%B2%E7%AA%81%E5%B0%86%E5%85%B6%E6%8D%85%E6%AD%BB%23&t=31&band_rank=6&Refer=top, 
8,亚运会,https://s.weibo.comjavascript:void(0);, 657079
9,AI短剧女主60秒广告报价25万8,https://s.weibo.com/weibo?q=%E4%BA%9A%E8%BF%90%E4%BC%9A&t=31&band_rank=7&Refer=top, 535697
10,韦唯和王楚钦王曼昱同唱亚洲雄风,https://s.weibo.com/weibo?q=%23AI%E7%9F%AD%E5%89%A7%E5%A5%B3%E4%B8%BB60%E7%A7%92%E5%B9%BF%E5%91%8A%E6%8A%A5%E4%BB%B725%E4%B8%878%23&t=31&band_rank=8&Refer=top, 535310
11,76岁男星和28岁女星演情侣,https://s.weibo.com/weibo?q=%23%E9%9F%A6%E5%94%AF%E5%92%8C%E7%8E%8B%E6%A5%9A%E9%92%A6%E7%8E%8B%E6%9B%BC%E6%98%B1%E5%90%8C%E5%94%B1%E4%BA%9A%E6%B4%B2%E9%9B%84%E9%A3%8E%23&t=31&band_rank=9&Refer=top,电影 527744
12,虞书欣开球,https://s.weibo.com/weibo?q=%2376%E5%B2%81%E7%94%B7%E6%98%9F%E5%92%8C28%E5%B2%81%E5%A5%B3%E6%98%9F%E6%BC%94%E6%83%85%E4%BE%A3%23&t=31&band_rank=10&Refer=top, 522484
13,女教师因男友吸电子烟将其捅死,https://s.weibo.com/weibo?q=%23%E8%99%9E%E4%B9%A6%E6%AC%A3%E5%BC%80%E7%90%83%23&t=31&band_rank=11&Refer=top, 518923
14,罗正 千万存款,https://s.weibo.com/weibo?q=%23%E5%A5%B3%E6%95%99%E5%B8%88%E5%9B%A0%E7%94%B7%E5%8F%8B%E5%90%B8%E7%94%B5%E5%AD%90%E7%83%9F%E5%B0%86%E5%85%B6%E6%8D%85%E6%AD%BB%23&t=31&band_rank=12&Refer=top, 511741
15,白鹿回复孙珍妮,https://s.weibo.com/weibo?q=%E7%BD%97%E6%AD%A3%20%E5%8D%83%E4%B8%87%E5%AD%98%E6%AC%BE&t=31&band_rank=13&Refer=top, 508833
16,恋与深空敖尹下线争议,https://s.weibo.com/weibo?q=%23%E7%99%BD%E9%B9%BF%E5%9B%9E%E5%A4%8D%E5%AD%99%E7%8F%8D%E5%A6%AE%23&t=31&band_rank=14&Refer=top, 506887
17,律师称蔡徐坤红手套不构成抄袭,https://s.weibo.com/weibo?q=%E6%81%8B%E4%B8%8E%E6%B7%B1%E7%A9%BA%E6%95%96%E5%B0%B9%E4%B8%8B%E7%BA%BF%E4%BA%89%E8%AE%AE&t=31&band_rank=15&Refer=top, 492582
18,王楚钦接过火炬,https://s.weibo.com/weibo?q=%23%E5%BE%8B%E5%B8%88%E7%A7%B0%E8%94%A1%E5%BE%90%E5%9D%A4%E7%BA%A2%E6%89%8B%E5%A5%97%E4%B8%8D%E6%9E%84%E6%88%90%E6%8A%84%E8%A2%AD%23&t=31&band_rank=16&Refer=top, 448916
19,功夫女足上映24天票房逆跌,https://s.weibo.com/weibo?q=%23%E7%8E%8B%E6%A5%9A%E9%92%A6%E6%8E%A5%E8%BF%87%E7%81%AB%E7%82%AC%23&t=31&band_rank=17&Refer=top,电影 448214
20,日本股市,https://s.weibo.com/weibo?q=%E5%8A%9F%E5%A4%AB%E5%A5%B3%E8%B6%B3%E4%B8%8A%E6%98%A024%E5%A4%A9%E7%A5%A8%E6%88%BF%E9%80%86%E8%B7%8C&t=31&band_rank=18&Refer=top, 443430
21,被撞迈凯伦后面跟一辆千万兰博基尼,https://s.weibo.com/weibo?q=%E6%97%A5%E6%9C%AC%E8%82%A1%E5%B8%82&t=31&band_rank=19&Refer=top, 436692
22,刘耀文深V扣子崩开了,https://s.weibo.com/weibo?q=%23%E8%A2%AB%E6%92%9E%E8%BF%88%E5%87%AF%E4%BC%A6%E5%90%8E%E9%9D%A2%E8%B7%9F%E4%B8%80%E8%BE%86%E5%8D%83%E4%B8%87%E5%85%B0%E5%8D%9A%E5%9F%BA%E5%B0%BC%23&t=31&band_rank=20&Refer=top,演出 430279
23,马嘉祺才知道自己昨天裤链没拉,https://s.weibo.com/weibo?q=%E5%88%98%E8%80%80%E6%96%87%E6%B7%B1V%E6%89%A3%E5%AD%90%E5%B4%A9%E5%BC%80%E4%BA%86&t=31&band_rank=21&Refer=top, 424809
24,医生提醒洞洞鞋不要长期穿,https://s.weibo.com/weibo?q=%23%E9%A9%AC%E5%98%89%E7%A5%BA%E6%89%8D%E7%9F%A5%E9%81%93%E8%87%AA%E5%B7%B1%E6%98%A8%E5%A4%A9%E8%A3%A4%E9%93%BE%E6%B2%A1%E6%8B%89%23&t=31&band_rank=22&Refer=top, 421699
25,偶遇胡一天在韩国坐地铁,https://s.weibo.com/weibo?q=%E5%8C%BB%E7%94%9F%E6%8F%90%E9%86%92%E6%B4%9E%E6%B4%9E%E9%9E%8B%E4%B8%8D%E8%A6%81%E9%95%BF%E6%9C%9F%E7%A9%BF&t=31&band_rank=23&Refer=top, 418258
26,煮火锅突然爆炸全屋溅满红油,https://s.weibo.com/weibo?q=%23%E5%81%B6%E9%81%87%E8%83%A1%E4%B8%80%E5%A4%A9%E5%9C%A8%E9%9F%A9%E5%9B%BD%E5%9D%90%E5%9C%B0%E9%93%81%23&t=31&band_rank=24&Refer=top, 371484
27,刘耀文我不能做美甲吗,https://s.weibo.com/weibo?q=%23%E7%85%AE%E7%81%AB%E9%94%85%E7%AA%81%E7%84%B6%E7%88%86%E7%82%B8%E5%85%A8%E5%B1%8B%E6%BA%85%E6%BB%A1%E7%BA%A2%E6%B2%B9%23&t=31&band_rank=25&Refer=top, 370042
28,白鹿请客孙珍妮剧组,https://s.weibo.com/weibo?q=%E5%88%98%E8%80%80%E6%96%87%E6%88%91%E4%B8%8D%E8%83%BD%E5%81%9A%E7%BE%8E%E7%94%B2%E5%90%97&t=31&band_rank=26&Refer=top, 363209
29,科技股还在跌原因,https://s.weibo.com/weibo?q=%23%E7%99%BD%E9%B9%BF%E8%AF%B7%E5%AE%A2%E5%AD%99%E7%8F%8D%E5%A6%AE%E5%89%A7%E7%BB%84%23&t=31&band_rank=27&Refer=top, 357296
30,孟子义百花杀收官发文,https://s.weibo.com/weibo?q=%23%E7%A7%91%E6%8A%80%E8%82%A1%E8%BF%98%E5%9C%A8%E8%B7%8C%E5%8E%9F%E5%9B%A0%23&t=31&band_rank=28&Refer=top,剧集 352775
31,亚运会中国领奖服今晚发布,https://s.weibo.com/weibo?q=%23%E5%AD%9F%E5%AD%90%E4%B9%89%E7%99%BE%E8%8A%B1%E6%9D%80%E6%94%B6%E5%AE%98%E5%8F%91%E6%96%87%23&t=31&band_rank=29&Refer=top, 344645
32,章泽天比刘亦菲还像刘亦菲妈妈,https://s.weibo.com/weibo?q=%23%E4%BA%9A%E8%BF%90%E4%BC%9A%E4%B8%AD%E5%9B%BD%E9%A2%86%E5%A5%96%E6%9C%8D%E4%BB%8A%E6%99%9A%E5%8F%91%E5%B8%83%23&t=31&band_rank=30&Refer=top, 342514
33,贺峻霖吐舌头,https://s.weibo.com/weibo?q=%E7%AB%A0%E6%B3%BD%E5%A4%A9%E6%AF%94%E5%88%98%E4%BA%A6%E8%8F%B2%E8%BF%98%E5%83%8F%E5%88%98%E4%BA%A6%E8%8F%B2%E5%A6%88%E5%A6%88&t=31&band_rank=31&Refer=top, 335667
34,男乒世排前5只剩下王楚钦,https://s.weibo.com/weibo?q=%E8%B4%BA%E5%B3%BB%E9%9C%96%E5%90%90%E8%88%8C%E5%A4%B4&t=31&band_rank=32&Refer=top, 303671
35,虞书欣黑长直短裙,https://s.weibo.com/weibo?q=%23%E7%94%B7%E4%B9%92%E4%B8%96%E6%8E%92%E5%89%8D5%E5%8F%AA%E5%89%A9%E4%B8%8B%E7%8E%8B%E6%A5%9A%E9%92%A6%23&t=31&band_rank=33&Refer=top, 302750
36,三名辅警以罚代刑致醉驾司机身亡,https://s.weibo.com/weibo?q=%23%E8%99%9E%E4%B9%A6%E6%AC%A3%E9%BB%91%E9%95%BF%E7%9B%B4%E7%9F%AD%E8%A3%99%23&t=31&band_rank=34&Refer=top, 297640
37,婚外胚胎案丈夫主张零财产,https://s.weibo.com/weibo?q=%23%E4%B8%89%E5%90%8D%E8%BE%85%E8%AD%A6%E4%BB%A5%E7%BD%9A%E4%BB%A3%E5%88%91%E8%87%B4%E9%86%89%E9%A9%BE%E5%8F%B8%E6%9C%BA%E8%BA%AB%E4%BA%A1%23&t=31&band_rank=35&Refer=top, 257605
38,中国U17vs阿森纳U17,https://s.weibo.com/weibo?q=%E5%A9%9A%E5%A4%96%E8%83%9A%E8%83%8E%E6%A1%88%E4%B8%88%E5%A4%AB%E4%B8%BB%E5%BC%A0%E9%9B%B6%E8%B4%A2%E4%BA%A7&t=31&band_rank=36&Refer=top, 255861
39,小米公司向警方报案,https://s.weibo.com/weibo?q=%E4%B8%AD%E5%9B%BDU17vs%E9%98%BF%E6%A3%AE%E7%BA%B3U17&t=31&band_rank=37&Refer=top, 245113
40,我小时候全撕了一点一点撒的算什么,https://s.weibo.com/weibo?q=%23%E5%B0%8F%E7%B1%B3%E5%85%AC%E5%8F%B8%E5%90%91%E8%AD%A6%E6%96%B9%E6%8A%A5%E6%A1%88%23&t=31&band_rank=38&Refer=top, 224838
41,宋亚轩金发,https://s.weibo.com/weibo?q=%23%E6%88%91%E5%B0%8F%E6%97%B6%E5%80%99%E5%85%A8%E6%92%95%E4%BA%86%E4%B8%80%E7%82%B9%E4%B8%80%E7%82%B9%E6%92%92%E7%9A%84%E7%AE%97%E4%BB%80%E4%B9%88%23&t=31&band_rank=39&Refer=top, 212342
42,雪崩遇难10人为各国登山高手,https://s.weibo.com/weibo?q=%E5%AE%8B%E4%BA%9A%E8%BD%A9%E9%87%91%E5%8F%91&t=31&band_rank=40&Refer=top, 179273
43,樊振东金标球拍溢价,https://s.weibo.com/weibo?q=%23%E9%9B%AA%E5%B4%A9%E9%81%87%E9%9A%BE10%E4%BA%BA%E4%B8%BA%E5%90%84%E5%9B%BD%E7%99%BB%E5%B1%B1%E9%AB%98%E6%89%8B%23&t=31&band_rank=41&Refer=top, 175208
44,海底捞偶遇aespa,https://s.weibo.com/weibo?q=%E6%A8%8A%E6%8C%AF%E4%B8%9C%E9%87%91%E6%A0%87%E7%90%83%E6%8B%8D%E6%BA%A2%E4%BB%B7&t=31&band_rank=42&Refer=top, 174203
45,李希侃为罗正发声,https://s.weibo.com/weibo?q=%E6%B5%B7%E5%BA%95%E6%8D%9E%E5%81%B6%E9%81%87aespa&t=31&band_rank=43&Refer=top, 171444
46,直播间一句话让东方甄选赔了30万,https://s.weibo.com/weibo?q=%23%E6%9D%8E%E5%B8%8C%E4%BE%83%E4%B8%BA%E7%BD%97%E6%AD%A3%E5%8F%91%E5%A3%B0%23&t=31&band_rank=44&Refer=top, 169638
47,原来大家找双休多钱工作的思路好清晰,https://s.weibo.com/weibo?q=%23%E7%9B%B4%E6%92%AD%E9%97%B4%E4%B8%80%E5%8F%A5%E8%AF%9D%E8%AE%A9%E4%B8%9C%E6%96%B9%E7%94%84%E9%80%89%E8%B5%94%E4%BA%8630%E4%B8%87%23&t=31&band_rank=45&Refer=top, 161780
48,九门,https://s.weibo.com/weibo?q=%E5%8E%9F%E6%9D%A5%E5%A4%A7%E5%AE%B6%E6%89%BE%E5%8F%8C%E4%BC%91%E5%A4%9A%E9%92%B1%E5%B7%A5%E4%BD%9C%E7%9A%84%E6%80%9D%E8%B7%AF%E5%A5%BD%E6%B8%85%E6%99%B0&t=31&band_rank=46&Refer=top,剧集 161369
49,王嘉尔粉丝指蔡徐坤抄袭红手套,https://s.weibo.com/weibo?q=%E4%B9%9D%E9%97%A8&t=31&band_rank=47&Refer=top,演出 158560
50,药明康德最新业绩,https://s.weibo.com/weibo?q=%E7%8E%8B%E5%98%89%E5%B0%94%E7%B2%89%E4%B8%9D%E6%8C%87%E8%94%A1%E5%BE%90%E5%9D%A4%E6%8A%84%E8%A2%AD%E7%BA%A2%E6%89%8B%E5%A5%97&t=31&band_rank=48&Refer=top, 155934
51,徐洁云支持车企直播拆车,https://s.weibo.com/weibo?q=%23%E8%8D%AF%E6%98%8E%E5%BA%B7%E5%BE%B7%E6%9C%80%E6%96%B0%E4%B8%9A%E7%BB%A9%23&t=31&band_rank=49&Refer=top, 152329
